-- hmall 开发环境补充种子数据
-- 挂载到 docker-entrypoint-initdb.d，在 init-all-tables.sql 之后执行
-- 前提：user.id 1=admin, 2=testuser；item.id 1-6；categories.id 1-5

SET NAMES utf8mb4;

-- ==================== 收货地址 ====================
INSERT INTO addresses (user_id, receiver_name, phone, province, city, district, detail, is_default, create_time) VALUES
(2, '张三', '13800138000', '广东省', '深圳市', '南山区', '科技园路1号', 1, NOW()),
(2, '张三', '13800138000', '广东省', '广州市', '天河区', '体育西路2号', 0, NOW());

-- ==================== 购物车 ====================
INSERT INTO cart (user_id, item_id, name, spec, price, num, image, create_time, update_time) VALUES
(2, 1, '无线蓝牙耳机', '黑色', 29900, 1, 'https://img.alicdn.com/imgextra/i3/2200721534029/O1CN01XqUJ0J2G7NRh9d5L1_!!2200721534029.jpg', NOW(), NOW()),
(2, 3, '运动跑鞋', '42码 白色', 49900, 2, 'https://img.alicdn.com/imgextra/i4/2200721534029/O1CN01hGVUfK2G7NRdMiDHK_!!2200721534029.jpg', NOW(), NOW());

-- ==================== 优惠券 ====================
INSERT INTO coupons (name, description, discount_type, discount_value, min_amount, total_stock, remaining_stock, start_time, end_time, status, create_time) VALUES
('新人优惠券', '新用户专享满50减10', 1, 1000, 5000, 100, 98, '2026-01-01 00:00:00', '2027-12-31 23:59:59', 1, NOW()),
('全场9折券', '无门槛9折优惠', 2, 90, 0, 50, 45, '2026-01-01 00:00:00', '2027-12-31 23:59:59', 1, NOW()),
('满减券', '满100减5', 1, 500, 10000, 50, 50, '2026-01-01 00:00:00', '2027-12-31 23:59:59', 1, NOW()),
('过期券', '已过期示例', 1, 2000, 20000, 20, 10, '2025-01-01 00:00:00', '2025-06-30 23:59:59', 0, NOW());

-- ==================== 用户优惠券 ====================
INSERT INTO user_coupons (user_id, coupon_id, status, create_time) VALUES
(2, 1, 1, NOW()),
(2, 2, 1, NOW());

-- ==================== 商品收藏 ====================
INSERT INTO user_favorites (user_id, item_id, create_time) VALUES
(2, 1, NOW()),
(2, 3, NOW()),
(2, 5, NOW());

-- ==================== 订单 ====================
INSERT INTO `order` (id, total_fee, payment_type, user_id, status, create_time) VALUES
(1, 59800, 1, 2, 1, NOW()),      -- 待付款：无线蓝牙耳机×2
(2, 29900, 1, 2, 2, NOW()),      -- 已付款：无线蓝牙耳机×1
(3, 12900, 1, 2, 3, NOW()),      -- 已发货：防晒霜×1
(4, 49900, 1, 2, 4, NOW()),      -- 已完成：运动跑鞋×1
(5, 199900, 1, 2, 5, NOW());     -- 已取消：智能手表×1

-- ==================== 订单详情 ====================
INSERT INTO order_detail (order_id, item_id, name, spec, price, num, image, create_time) VALUES
(1, 1, '无线蓝牙耳机', '黑色', 29900, 2, 'https://img.alicdn.com/imgextra/i3/2200721534029/O1CN01XqUJ0J2G7NRh9d5L1_!!2200721534029.jpg', NOW()),
(2, 1, '无线蓝牙耳机', '黑色', 29900, 1, 'https://img.alicdn.com/imgextra/i3/2200721534029/O1CN01XqUJ0J2G7NRh9d5L1_!!2200721534029.jpg', NOW()),
(3, 4, '防晒霜SPF50', '50ml', 12900, 1, 'https://img.alicdn.com/imgextra/i2/2200721534029/O1CN01RRWkqN2G7NRcM1rYn_!!2200721534029.jpg', NOW()),
(4, 3, '运动跑鞋', '42码 白色', 49900, 1, 'https://img.alicdn.com/imgextra/i4/2200721534029/O1CN01hGVUfK2G7NRdMiDHK_!!2200721534029.jpg', NOW()),
(5, 5, '智能手表', '黑色 42mm', 199900, 1, 'https://img.alicdn.com/imgextra/i1/2200721534029/O1CN01lwZ5oU2G7NRfSwVmJ_!!2200721534029.jpg', NOW());

-- ==================== 订单物流 ====================
INSERT INTO order_logistics (order_id, logistics_company, logistics_number, contact, phone, province, city, district, detail, create_time, update_time) VALUES
(3, '顺丰速运', 'SF1234567890', '张三', '13800138000', '广东省', '深圳市', '南山区', '科技园路1号', NOW(), NOW()),
(4, '中通快递', 'ZT9876543210', '张三', '13800138000', '广东省', '广州市', '天河区', '体育西路2号', NOW(), NOW());

-- ==================== 物流轨迹 ====================
INSERT INTO logistics_trace (order_id, node, description, trace_time, create_time) VALUES
(3, '已揽件', '快递员已揽收包裹', NOW(), NOW()),
(3, '运输中', '包裹已到达深圳转运中心', DATE_ADD(NOW(), INTERVAL 2 HOUR), NOW()),
(4, '已签收', '客户已签收', NOW(), NOW());

-- ==================== 支付单 ====================
-- biz_order_no 与 order.id 对齐，amount 与 order.total_fee 对齐
INSERT INTO pay_order (id, biz_order_no, pay_order_no, biz_user_id, pay_channel_code, amount, pay_type, status, create_time, update_time) VALUES
(3001, 2, 400001, 2, 'balance', 29900, 5, 3, NOW(), NOW()),
(3002, 3, 400002, 2, 'balance', 12900, 5, 3, NOW(), NOW()),
(3003, 4, 400003, 2, 'balance', 49900, 5, 3, NOW(), NOW());

-- ==================== 商品评价 ====================
INSERT INTO item_reviews (user_id, item_id, content, rating, create_time) VALUES
(2, 1, '音质很好，续航也不错，推荐购买！', 5, NOW()),
(2, 3, '穿着很舒服，跑步很轻便。', 4, NOW()),
(2, 4, '防晒效果不错，不油腻。', 5, NOW());

-- ==================== 轮播图 ====================
INSERT INTO banner (image_url, link_url, title, type, position, sort, status, create_time, update_time) VALUES
('https://img.alicdn.com/imgextra/i1/2200721534029/O1CN01XqUJ0J2G7NRh9d5L1_!!2200721534029.jpg', '/item/1', '开业大促', 'carousel', 'home_top', 1, 1, NOW(), NOW()),
('https://img.alicdn.com/imgextra/i2/2200721534029/O1CN01RRWkqN2G7NRcM1rYn_!!2200721534029.jpg', '/item/4', '夏季护肤', 'carousel', 'home_top', 2, 1, NOW(), NOW());

-- ==================== FAQ ====================
INSERT INTO faq (question, answer, sort, status, create_time, update_time) VALUES
('如何下单？', '选择商品后点击“加入购物车”，进入购物车结算即可。', 1, 1, NOW(), NOW()),
('支持哪些支付方式？', '目前支持余额支付，后续将接入微信支付和支付宝。', 2, 1, NOW(), NOW()),
('如何申请退款？', '在订单详情页点击“申请退款”按钮，填写原因后提交。', 3, 1, NOW(), NOW()),
('物流多久能到？', '一般1-3个工作日送达，偏远地区可能延迟。', 4, 1, NOW(), NOW());

-- ==================== 用户反馈 ====================
INSERT INTO feedbacks (user_id, content, status, create_time) VALUES
(2, '希望增加微信支付', 0, NOW()),
(2, '首页加载有点慢', 0, NOW());

-- ==================== 客服留言 ====================
INSERT INTO customer_messages (user_id, content, status, create_time) VALUES
(2, '我的订单什么时候发货？', 0, NOW()),
(2, '怎么修改收货地址？', 1, NOW());

-- ==================== 限时秒杀 ====================
-- 时间窗口覆盖当前开发日期（2026-06-04），status=1，确保 /seckill/active 有数据
INSERT INTO seckill (item_id, seckill_price, start_time, end_time, stock, sold, status, create_time, update_time) VALUES
(1, 19900, '2026-06-01 00:00:00', '2026-06-30 23:59:59', 100, 15, 1, NOW(), NOW()),
(3, 29900, '2026-06-01 00:00:00', '2026-06-30 23:59:59', 80, 8, 1, NOW(), NOW()),
(4, 9900, '2026-06-01 00:00:00', '2026-06-30 23:59:59', 200, 42, 1, NOW(), NOW());
-- hmall 开发环境补充种子数据：每品类 100 条商品（共 500 条）
-- Issue #72: 种子数据过少，每品类补足 100+ 商品
-- 追加到 seed-dev.sql，或单独执行；id 使用 AUTO_INCREMENT，不与已有 id 冲突。

SET NAMES utf8mb4;

-- ==================== 补充商品数据（500 条）====================
-- 每品类 5 品牌 × 20 商品规格 = 100 条；共 5 品类 = 500 条
-- category 与 categories 表 name 精确匹配：电子产品/运动户外/美妆护肤/食品饮料/服饰鞋包
-- price 单位：分(INT)；stock 10-1000；sold 0-5000；status=1

-- ---- 电子产品（5 品牌 × 20 规格 = 100 条）----
INSERT INTO item (name, price, stock, image, category, brand, spec, sold, status, create_time) VALUES
('无线蓝牙耳机(苹果)', 31300, 35, 'https://img.alicdn.com/imgextra/i2/2200721534029/O1CN01RRWkqN2G7NRcM1rYn_!!2200721534029.jpg', '电子产品', '苹果', '黑色/白色/蓝色', 2253, 1, DATE_ADD('2026-01-01 00:00:00', INTERVAL 428 MINUTE)),
('智能手机(苹果)', 803200, 114, 'https://img.alicdn.com/imgextra/i1/2200721534029/O1CN01XqUJ0J2G7NRh9d5L1_!!2200721534029.jpg', '电子产品', '苹果', '6.7寸 256GB 黑色', 4467, 1, DATE_ADD('2026-01-01 00:00:00', INTERVAL 2547 MINUTE)),
('平板电脑(苹果)', 212900, 40, 'https://img.alicdn.com/imgextra/i2/2200721534029/O1CN01RRWkqN2G7NRcM1rYn_!!2200721534029.jpg', '电子产品', '苹果', '10.9寸 WiFi 128GB', 767, 1, DATE_ADD('2026-01-01 00:00:00', INTERVAL 3332 MINUTE)),
('智能手表(苹果)', 346400, 37, 'https://img.alicdn.com/imgextra/i2/2200721534029/O1CN01RRWkqN2G7NRcM1rYn_!!2200721534029.jpg', '电子产品', '苹果', '44mm 黑色 GPS版', 4597, 1, DATE_ADD('2026-01-01 00:00:00', INTERVAL 5681 MINUTE)),
('TWS真无线耳机(苹果)', 141500, 439, 'https://img.alicdn.com/imgextra/i4/2200721534029/O1CN01hGVUfK2G7NRdMiDHK_!!2200721534029.jpg', '电子产品', '苹果', '主动降噪 白色', 1805, 1, DATE_ADD('2026-01-01 00:00:00', INTERVAL 6857 MINUTE)),
('蓝牙音箱(苹果)', 20500, 787, 'https://img.alicdn.com/imgextra/i2/2200721534029/O1CN01Gt9YBn2G7NRaP0WYC_!!2200721534029.jpg', '电子产品', '苹果', '便携式 黑色', 1307, 1, DATE_ADD('2026-01-01 00:00:00', INTERVAL 8001 MINUTE)),
('移动电源(苹果)', 24100, 169, 'https://img.alicdn.com/imgextra/i3/2200721534029/O1CN01XxGZQo2G7NRbOocQa_!!2200721534029.jpg', '电子产品', '苹果', '20000mAh 快充版', 1763, 1, DATE_ADD('2026-01-01 00:00:00', INTERVAL 8825 MINUTE)),
('智能电视(苹果)', 611100, 109, 'https://img.alicdn.com/imgextra/i3/2200721534029/O1CN01XxGZQo2G7NRbOocQa_!!2200721534029.jpg', '电子产品', '苹果', '55寸 4K OLED', 2940, 1, DATE_ADD('2026-01-01 00:00:00', INTERVAL 11236 MINUTE)),
('游戏手柄(苹果)', 24300, 757, 'https://img.alicdn.com/imgextra/i1/2200721534029/O1CN01lwZ5oU2G7NRfSwVmJ_!!2200721534029.jpg', '电子产品', '苹果', '无线版 黑色', 3763, 1, DATE_ADD('2026-01-01 00:00:00', INTERVAL 11759 MINUTE)),
('机械键盘(苹果)', 107400, 90, 'https://img.alicdn.com/imgextra/i3/2200721534029/O1CN01XxGZQo2G7NRbOocQa_!!2200721534029.jpg', '电子产品', '苹果', '87键 青轴 RGB', 4522, 1, DATE_ADD('2026-01-01 00:00:00', INTERVAL 14199 MINUTE)),
('无线鼠标(苹果)', 55200, 892, 'https://img.alicdn.com/imgextra/i1/2200721534029/O1CN01lwZ5oU2G7NRfSwVmJ_!!2200721534029.jpg', '电子产品', '苹果', '人体工学 黑色', 2962, 1, DATE_ADD('2026-01-01 00:00:00', INTERVAL 14805 MINUTE)),
('外置硬盘(苹果)', 44100, 56, 'https://img.alicdn.com/imgextra/i3/2200721534029/O1CN01XxGZQo2G7NRbOocQa_!!2200721534029.jpg', '电子产品', '苹果', '1TB USB-C', 1866, 1, DATE_ADD('2026-01-01 00:00:00', INTERVAL 16014 MINUTE)),
('行车记录仪(苹果)', 43700, 897, 'https://img.alicdn.com/imgextra/i4/2200721534029/O1CN01hGVUfK2G7NRdMiDHK_!!2200721534029.jpg', '电子产品', '苹果', '4K双镜头 WiFi版', 827, 1, DATE_ADD('2026-01-01 00:00:00', INTERVAL 17789 MINUTE)),
('扫地机器人(苹果)', 360200, 864, 'https://img.alicdn.com/imgextra/i2/2200721534029/O1CN01RRWkqN2G7NRcM1rYn_!!2200721534029.jpg', '电子产品', '苹果', '激光导航 自动回充', 2988, 1, DATE_ADD('2026-01-01 00:00:00', INTERVAL 19402 MINUTE)),
('空气净化器(苹果)', 165700, 696, 'https://img.alicdn.com/imgextra/i2/2200721534029/O1CN01Gt9YBn2G7NRaP0WYC_!!2200721534029.jpg', '电子产品', '苹果', 'HEPA 600m³/h', 2187, 1, DATE_ADD('2026-01-01 00:00:00', INTERVAL 21461 MINUTE)),
('电动牙刷(苹果)', 27200, 633, 'https://img.alicdn.com/imgextra/i1/2200721534029/O1CN01lwZ5oU2G7NRfSwVmJ_!!2200721534029.jpg', '电子产品', '苹果', '声波振动 5模式', 1401, 1, DATE_ADD('2026-01-01 00:00:00', INTERVAL 22995 MINUTE)),
('智能门锁(苹果)', 146800, 483, 'https://img.alicdn.com/imgextra/i3/2200721534029/O1CN01XxGZQo2G7NRbOocQa_!!2200721534029.jpg', '电子产品', '苹果', '指纹+密码+NFC', 3108, 1, DATE_ADD('2026-01-01 00:00:00', INTERVAL 24284 MINUTE)),
('投影仪(苹果)', 656100, 234, 'https://img.alicdn.com/imgextra/i1/2200721534029/O1CN01XqUJ0J2G7NRh9d5L1_!!2200721534029.jpg', '电子产品', '苹果', '1080P 1500流明', 2656, 1, DATE_ADD('2026-01-01 00:00:00', INTERVAL 24952 MINUTE)),
('无线充电器(苹果)', 11500, 834, 'https://img.alicdn.com/imgextra/i4/2200721534029/O1CN01hGVUfK2G7NRdMiDHK_!!2200721534029.jpg', '电子产品', '苹果', '15W Qi 快充', 2584, 1, DATE_ADD('2026-01-01 00:00:00', INTERVAL 26404 MINUTE)),
('路由器(苹果)', 41500, 945, 'https://img.alicdn.com/imgextra/i2/2200721534029/O1CN01Gt9YBn2G7NRaP0WYC_!!2200721534029.jpg', '电子产品', '苹果', 'WiFi 6 双频 AX3000', 4646, 1, DATE_ADD('2026-01-01 00:00:00', INTERVAL 27973 MINUTE)),
('无线蓝牙耳机(华为)', 71000, 415, 'https://img.alicdn.com/imgextra/i2/2200721534029/O1CN01RRWkqN2G7NRcM1rYn_!!2200721534029.jpg', '电子产品', '华为', '黑色/白色/蓝色', 3758, 1, DATE_ADD('2026-01-01 00:00:00', INTERVAL 29288 MINUTE)),
('智能手机(华为)', 401900, 772, 'https://img.alicdn.com/imgextra/i1/2200721534029/O1CN01lwZ5oU2G7NRfSwVmJ_!!2200721534029.jpg', '电子产品', '华为', '6.7寸 256GB 黑色', 4598, 1, DATE_ADD('2026-01-01 00:00:00', INTERVAL 30767 MINUTE)),
('平板电脑(华为)', 439300, 448, 'https://img.alicdn.com/imgextra/i4/2200721534029/O1CN01hGVUfK2G7NRdMiDHK_!!2200721534029.jpg', '电子产品', '华为', '10.9寸 WiFi 128GB', 4780, 1, DATE_ADD('2026-01-01 00:00:00', INTERVAL 32354 MINUTE)),
('智能手表(华为)', 156500, 531, 'https://img.alicdn.com/imgextra/i1/2200721534029/O1CN01XqUJ0J2G7NRh9d5L1_!!2200721534029.jpg', '电子产品', '华为', '44mm 黑色 GPS版', 4042, 1, DATE_ADD('2026-01-01 00:00:00', INTERVAL 33235 MINUTE)),
('TWS真无线耳机(华为)', 52300, 166, 'https://img.alicdn.com/imgextra/i2/2200721534029/O1CN01Gt9YBn2G7NRaP0WYC_!!2200721534029.jpg', '电子产品', '华为', '主动降噪 白色', 1310, 1, DATE_ADD('2026-01-01 00:00:00', INTERVAL 35378 MINUTE)),
('蓝牙音箱(华为)', 26400, 404, 'https://img.alicdn.com/imgextra/i1/2200721534029/O1CN01lwZ5oU2G7NRfSwVmJ_!!2200721534029.jpg', '电子产品', '华为', '便携式 黑色', 3126, 1, DATE_ADD('2026-01-01 00:00:00', INTERVAL 36873 MINUTE)),
('移动电源(华为)', 22700, 576, 'https://img.alicdn.com/imgextra/i2/2200721534029/O1CN01Gt9YBn2G7NRaP0WYC_!!2200721534029.jpg', '电子产品', '华为', '20000mAh 快充版', 94, 1, DATE_ADD('2026-01-01 00:00:00', INTERVAL 38827 MINUTE)),
('智能电视(华为)', 858300, 916, 'https://img.alicdn.com/imgextra/i3/2200721534029/O1CN01XxGZQo2G7NRbOocQa_!!2200721534029.jpg', '电子产品', '华为', '55寸 4K OLED', 4398, 1, DATE_ADD('2026-01-01 00:00:00', INTERVAL 40101 MINUTE)),
('游戏手柄(华为)', 31300, 310, 'https://img.alicdn.com/imgextra/i2/2200721534029/O1CN01RRWkqN2G7NRcM1rYn_!!2200721534029.jpg', '电子产品', '华为', '无线版 黑色', 3561, 1, DATE_ADD('2026-01-01 00:00:00', INTERVAL 41160 MINUTE)),
('机械键盘(华为)', 177700, 906, 'https://img.alicdn.com/imgextra/i1/2200721534029/O1CN01lwZ5oU2G7NRfSwVmJ_!!2200721534029.jpg', '电子产品', '华为', '87键 青轴 RGB', 2157, 1, DATE_ADD('2026-01-01 00:00:00', INTERVAL 42092 MINUTE)),
('无线鼠标(华为)', 56600, 118, 'https://img.alicdn.com/imgextra/i2/2200721534029/O1CN01Gt9YBn2G7NRaP0WYC_!!2200721534029.jpg', '电子产品', '华为', '人体工学 黑色', 2444, 1, DATE_ADD('2026-01-01 00:00:00', INTERVAL 44198 MINUTE)),
('外置硬盘(华为)', 70600, 166, 'https://img.alicdn.com/imgextra/i2/2200721534029/O1CN01RRWkqN2G7NRcM1rYn_!!2200721534029.jpg', '电子产品', '华为', '1TB USB-C', 3063, 1, DATE_ADD('2026-01-01 00:00:00', INTERVAL 45709 MINUTE)),
('行车记录仪(华为)', 74200, 950, 'https://img.alicdn.com/imgextra/i1/2200721534029/O1CN01lwZ5oU2G7NRfSwVmJ_!!2200721534029.jpg', '电子产品', '华为', '4K双镜头 WiFi版', 4, 1, DATE_ADD('2026-01-01 00:00:00', INTERVAL 46711 MINUTE)),
('扫地机器人(华为)', 107800, 124, 'https://img.alicdn.com/imgextra/i3/2200721534029/O1CN01XxGZQo2G7NRbOocQa_!!2200721534029.jpg', '电子产品', '华为', '激光导航 自动回充', 2973, 1, DATE_ADD('2026-01-01 00:00:00', INTERVAL 47943 MINUTE)),
('空气净化器(华为)', 178500, 909, 'https://img.alicdn.com/imgextra/i1/2200721534029/O1CN01XqUJ0J2G7NRh9d5L1_!!2200721534029.jpg', '电子产品', '华为', 'HEPA 600m³/h', 4647, 1, DATE_ADD('2026-01-01 00:00:00', INTERVAL 49126 MINUTE)),
('电动牙刷(华为)', 69600, 845, 'https://img.alicdn.com/imgextra/i1/2200721534029/O1CN01lwZ5oU2G7NRfSwVmJ_!!2200721534029.jpg', '电子产品', '华为', '声波振动 5模式', 566, 1, DATE_ADD('2026-01-01 00:00:00', INTERVAL 50648 MINUTE)),
('智能门锁(华为)', 274500, 979, 'https://img.alicdn.com/imgextra/i2/2200721534029/O1CN01RRWkqN2G7NRcM1rYn_!!2200721534029.jpg', '电子产品', '华为', '指纹+密码+NFC', 4503, 1, DATE_ADD('2026-01-01 00:00:00', INTERVAL 52353 MINUTE)),
('投影仪(华为)', 696800, 443, 'https://img.alicdn.com/imgextra/i1/2200721534029/O1CN01lwZ5oU2G7NRfSwVmJ_!!2200721534029.jpg', '电子产品', '华为', '1080P 1500流明', 1735, 1, DATE_ADD('2026-01-01 00:00:00', INTERVAL 54704 MINUTE)),
('无线充电器(华为)', 20100, 740, 'https://img.alicdn.com/imgextra/i4/2200721534029/O1CN01hGVUfK2G7NRdMiDHK_!!2200721534029.jpg', '电子产品', '华为', '15W Qi 快充', 2553, 1, DATE_ADD('2026-01-01 00:00:00', INTERVAL 56021 MINUTE)),
('路由器(华为)', 58100, 458, 'https://img.alicdn.com/imgextra/i4/2200721534029/O1CN01hGVUfK2G7NRdMiDHK_!!2200721534029.jpg', '电子产品', '华为', 'WiFi 6 双频 AX3000', 4239, 1, DATE_ADD('2026-01-01 00:00:00', INTERVAL 56355 MINUTE)),
('无线蓝牙耳机(小米)', 42900, 75, 'https://img.alicdn.com/imgextra/i1/2200721534029/O1CN01XqUJ0J2G7NRh9d5L1_!!2200721534029.jpg', '电子产品', '小米', '黑色/白色/蓝色', 2769, 1, DATE_ADD('2026-01-01 00:00:00', INTERVAL 58715 MINUTE)),
('智能手机(小米)', 388400, 612, 'https://img.alicdn.com/imgextra/i1/2200721534029/O1CN01XqUJ0J2G7NRh9d5L1_!!2200721534029.jpg', '电子产品', '小米', '6.7寸 256GB 黑色', 1804, 1, DATE_ADD('2026-01-01 00:00:00', INTERVAL 59205 MINUTE)),
('平板电脑(小米)', 458300, 70, 'https://img.alicdn.com/imgextra/i1/2200721534029/O1CN01XqUJ0J2G7NRh9d5L1_!!2200721534029.jpg', '电子产品', '小米', '10.9寸 WiFi 128GB', 1875, 1, DATE_ADD('2026-01-01 00:00:00', INTERVAL 60595 MINUTE)),
('智能手表(小米)', 235200, 82, 'https://img.alicdn.com/imgextra/i2/2200721534029/O1CN01RRWkqN2G7NRcM1rYn_!!2200721534029.jpg', '电子产品', '小米', '44mm 黑色 GPS版', 4211, 1, DATE_ADD('2026-01-01 00:00:00', INTERVAL 62442 MINUTE)),
('TWS真无线耳机(小米)', 129300, 229, 'https://img.alicdn.com/imgextra/i2/2200721534029/O1CN01RRWkqN2G7NRcM1rYn_!!2200721534029.jpg', '电子产品', '小米', '主动降噪 白色', 4417, 1, DATE_ADD('2026-01-01 00:00:00', INTERVAL 64799 MINUTE)),
('蓝牙音箱(小米)', 78300, 600, 'https://img.alicdn.com/imgextra/i2/2200721534029/O1CN01RRWkqN2G7NRcM1rYn_!!2200721534029.jpg', '电子产品', '小米', '便携式 黑色', 3872, 1, DATE_ADD('2026-01-01 00:00:00', INTERVAL 65751 MINUTE)),
('移动电源(小米)', 30700, 204, 'https://img.alicdn.com/imgextra/i1/2200721534029/O1CN01XqUJ0J2G7NRh9d5L1_!!2200721534029.jpg', '电子产品', '小米', '20000mAh 快充版', 772, 1, DATE_ADD('2026-01-01 00:00:00', INTERVAL 67527 MINUTE)),
('智能电视(小米)', 590100, 443, 'https://img.alicdn.com/imgextra/i4/2200721534029/O1CN01hGVUfK2G7NRdMiDHK_!!2200721534029.jpg', '电子产品', '小米', '55寸 4K OLED', 3367, 1, DATE_ADD('2026-01-01 00:00:00', INTERVAL 69063 MINUTE)),
('游戏手柄(小米)', 88800, 679, 'https://img.alicdn.com/imgextra/i1/2200721534029/O1CN01XqUJ0J2G7NRh9d5L1_!!2200721534029.jpg', '电子产品', '小米', '无线版 黑色', 806, 1, DATE_ADD('2026-01-01 00:00:00', INTERVAL 69886 MINUTE)),
('机械键盘(小米)', 99300, 829, 'https://img.alicdn.com/imgextra/i2/2200721534029/O1CN01RRWkqN2G7NRcM1rYn_!!2200721534029.jpg', '电子产品', '小米', '87键 青轴 RGB', 895, 1, DATE_ADD('2026-01-01 00:00:00', INTERVAL 70932 MINUTE)),
('无线鼠标(小米)', 37300, 469, 'https://img.alicdn.com/imgextra/i4/2200721534029/O1CN01hGVUfK2G7NRdMiDHK_!!2200721534029.jpg', '电子产品', '小米', '人体工学 黑色', 1148, 1, DATE_ADD('2026-01-01 00:00:00', INTERVAL 72317 MINUTE)),
('外置硬盘(小米)', 124600, 265, 'https://img.alicdn.com/imgextra/i4/2200721534029/O1CN01hGVUfK2G7NRdMiDHK_!!2200721534029.jpg', '电子产品', '小米', '1TB USB-C', 617, 1, DATE_ADD('2026-01-01 00:00:00', INTERVAL 74466 MINUTE)),
('行车记录仪(小米)', 25000, 677, 'https://img.alicdn.com/imgextra/i1/2200721534029/O1CN01XqUJ0J2G7NRh9d5L1_!!2200721534029.jpg', '电子产品', '小米', '4K双镜头 WiFi版', 4428, 1, DATE_ADD('2026-01-01 00:00:00', INTERVAL 75059 MINUTE)),
('扫地机器人(小米)', 196700, 180, 'https://img.alicdn.com/imgextra/i4/2200721534029/O1CN01hGVUfK2G7NRdMiDHK_!!2200721534029.jpg', '电子产品', '小米', '激光导航 自动回充', 3329, 1, DATE_ADD('2026-01-01 00:00:00', INTERVAL 77233 MINUTE)),
('空气净化器(小米)', 244100, 934, 'https://img.alicdn.com/imgextra/i2/2200721534029/O1CN01RRWkqN2G7NRcM1rYn_!!2200721534029.jpg', '电子产品', '小米', 'HEPA 600m³/h', 480, 1, DATE_ADD('2026-01-01 00:00:00', INTERVAL 78480 MINUTE)),
('电动牙刷(小米)', 59800, 281, 'https://img.alicdn.com/imgextra/i3/2200721534029/O1CN01XxGZQo2G7NRbOocQa_!!2200721534029.jpg', '电子产品', '小米', '声波振动 5模式', 3727, 1, DATE_ADD('2026-01-01 00:00:00', INTERVAL 80024 MINUTE)),
('智能门锁(小米)', 279200, 168, 'https://img.alicdn.com/imgextra/i3/2200721534029/O1CN01XxGZQo2G7NRbOocQa_!!2200721534029.jpg', '电子产品', '小米', '指纹+密码+NFC', 1555, 1, DATE_ADD('2026-01-01 00:00:00', INTERVAL 81003 MINUTE)),
('投影仪(小米)', 674300, 763, 'https://img.alicdn.com/imgextra/i1/2200721534029/O1CN01XqUJ0J2G7NRh9d5L1_!!2200721534029.jpg', '电子产品', '小米', '1080P 1500流明', 4441, 1, DATE_ADD('2026-01-01 00:00:00', INTERVAL 83480 MINUTE)),
('无线充电器(小米)', 12800, 61, 'https://img.alicdn.com/imgextra/i4/2200721534029/O1CN01hGVUfK2G7NRdMiDHK_!!2200721534029.jpg', '电子产品', '小米', '15W Qi 快充', 4785, 1, DATE_ADD('2026-01-01 00:00:00', INTERVAL 84538 MINUTE)),
('路由器(小米)', 74200, 171, 'https://img.alicdn.com/imgextra/i1/2200721534029/O1CN01lwZ5oU2G7NRfSwVmJ_!!2200721534029.jpg', '电子产品', '小米', 'WiFi 6 双频 AX3000', 465, 1, DATE_ADD('2026-01-01 00:00:00', INTERVAL 85134 MINUTE)),
('无线蓝牙耳机(三星)', 38900, 80, 'https://img.alicdn.com/imgextra/i1/2200721534029/O1CN01XqUJ0J2G7NRh9d5L1_!!2200721534029.jpg', '电子产品', '三星', '黑色/白色/蓝色', 4874, 1, DATE_ADD('2026-01-01 00:00:00', INTERVAL 87715 MINUTE)),
('智能手机(三星)', 392500, 423, 'https://img.alicdn.com/imgextra/i1/2200721534029/O1CN01lwZ5oU2G7NRfSwVmJ_!!2200721534029.jpg', '电子产品', '三星', '6.7寸 256GB 黑色', 982, 1, DATE_ADD('2026-01-01 00:00:00', INTERVAL 88297 MINUTE)),
('平板电脑(三星)', 443400, 50, 'https://img.alicdn.com/imgextra/i4/2200721534029/O1CN01hGVUfK2G7NRdMiDHK_!!2200721534029.jpg', '电子产品', '三星', '10.9寸 WiFi 128GB', 671, 1, DATE_ADD('2026-01-01 00:00:00', INTERVAL 90577 MINUTE)),
('智能手表(三星)', 331400, 545, 'https://img.alicdn.com/imgextra/i3/2200721534029/O1CN01XxGZQo2G7NRbOocQa_!!2200721534029.jpg', '电子产品', '三星', '44mm 黑色 GPS版', 2591, 1, DATE_ADD('2026-01-01 00:00:00', INTERVAL 91122 MINUTE)),
('TWS真无线耳机(三星)', 94200, 254, 'https://img.alicdn.com/imgextra/i4/2200721534029/O1CN01hGVUfK2G7NRdMiDHK_!!2200721534029.jpg', '电子产品', '三星', '主动降噪 白色', 2175, 1, DATE_ADD('2026-01-01 00:00:00', INTERVAL 92442 MINUTE)),
('蓝牙音箱(三星)', 85900, 317, 'https://img.alicdn.com/imgextra/i3/2200721534029/O1CN01XxGZQo2G7NRbOocQa_!!2200721534029.jpg', '电子产品', '三星', '便携式 黑色', 3745, 1, DATE_ADD('2026-01-01 00:00:00', INTERVAL 93720 MINUTE)),
('移动电源(三星)', 33300, 646, 'https://img.alicdn.com/imgextra/i1/2200721534029/O1CN01XqUJ0J2G7NRh9d5L1_!!2200721534029.jpg', '电子产品', '三星', '20000mAh 快充版', 4612, 1, DATE_ADD('2026-01-01 00:00:00', INTERVAL 95194 MINUTE)),
('智能电视(三星)', 474500, 528, 'https://img.alicdn.com/imgextra/i2/2200721534029/O1CN01RRWkqN2G7NRcM1rYn_!!2200721534029.jpg', '电子产品', '三星', '55寸 4K OLED', 2172, 1, DATE_ADD('2026-01-01 00:00:00', INTERVAL 97196 MINUTE)),
('游戏手柄(三星)', 26900, 910, 'https://img.alicdn.com/imgextra/i3/2200721534029/O1CN01XxGZQo2G7NRbOocQa_!!2200721534029.jpg', '电子产品', '三星', '无线版 黑色', 2001, 1, DATE_ADD('2026-01-01 00:00:00', INTERVAL 98470 MINUTE)),
('机械键盘(三星)', 119600, 863, 'https://img.alicdn.com/imgextra/i2/2200721534029/O1CN01Gt9YBn2G7NRaP0WYC_!!2200721534029.jpg', '电子产品', '三星', '87键 青轴 RGB', 4450, 1, DATE_ADD('2026-01-01 00:00:00', INTERVAL 99939 MINUTE)),
('无线鼠标(三星)', 51200, 679, 'https://img.alicdn.com/imgextra/i1/2200721534029/O1CN01XqUJ0J2G7NRh9d5L1_!!2200721534029.jpg', '电子产品', '三星', '人体工学 黑色', 4333, 1, DATE_ADD('2026-01-01 00:00:00', INTERVAL 102112 MINUTE)),
('外置硬盘(三星)', 143400, 316, 'https://img.alicdn.com/imgextra/i2/2200721534029/O1CN01RRWkqN2G7NRcM1rYn_!!2200721534029.jpg', '电子产品', '三星', '1TB USB-C', 848, 1, DATE_ADD('2026-01-01 00:00:00', INTERVAL 102727 MINUTE)),
('行车记录仪(三星)', 30800, 770, 'https://img.alicdn.com/imgextra/i2/2200721534029/O1CN01RRWkqN2G7NRcM1rYn_!!2200721534029.jpg', '电子产品', '三星', '4K双镜头 WiFi版', 4532, 1, DATE_ADD('2026-01-01 00:00:00', INTERVAL 104178 MINUTE)),
('扫地机器人(三星)', 347600, 225, 'https://img.alicdn.com/imgextra/i2/2200721534029/O1CN01RRWkqN2G7NRcM1rYn_!!2200721534029.jpg', '电子产品', '三星', '激光导航 自动回充', 2808, 1, DATE_ADD('2026-01-01 00:00:00', INTERVAL 106420 MINUTE)),
('空气净化器(三星)', 188000, 527, 'https://img.alicdn.com/imgextra/i3/2200721534029/O1CN01XxGZQo2G7NRbOocQa_!!2200721534029.jpg', '电子产品', '三星', 'HEPA 600m³/h', 4002, 1, DATE_ADD('2026-01-01 00:00:00', INTERVAL 106625 MINUTE)),
('电动牙刷(三星)', 84800, 443, 'https://img.alicdn.com/imgextra/i1/2200721534029/O1CN01XqUJ0J2G7NRh9d5L1_!!2200721534029.jpg', '电子产品', '三星', '声波振动 5模式', 2266, 1, DATE_ADD('2026-01-01 00:00:00', INTERVAL 108021 MINUTE)),
('智能门锁(三星)', 133400, 662, 'https://img.alicdn.com/imgextra/i2/2200721534029/O1CN01RRWkqN2G7NRcM1rYn_!!2200721534029.jpg', '电子产品', '三星', '指纹+密码+NFC', 2145, 1, DATE_ADD('2026-01-01 00:00:00', INTERVAL 110848 MINUTE)),
('投影仪(三星)', 651800, 732, 'https://img.alicdn.com/imgextra/i1/2200721534029/O1CN01lwZ5oU2G7NRfSwVmJ_!!2200721534029.jpg', '电子产品', '三星', '1080P 1500流明', 3503, 1, DATE_ADD('2026-01-01 00:00:00', INTERVAL 110887 MINUTE)),
('无线充电器(三星)', 13700, 977, 'https://img.alicdn.com/imgextra/i1/2200721534029/O1CN01lwZ5oU2G7NRfSwVmJ_!!2200721534029.jpg', '电子产品', '三星', '15W Qi 快充', 1221, 1, DATE_ADD('2026-01-01 00:00:00', INTERVAL 112433 MINUTE)),
('路由器(三星)', 57700, 606, 'https://img.alicdn.com/imgextra/i2/2200721534029/O1CN01RRWkqN2G7NRcM1rYn_!!2200721534029.jpg', '电子产品', '三星', 'WiFi 6 双频 AX3000', 4526, 1, DATE_ADD('2026-01-01 00:00:00', INTERVAL 114548 MINUTE)),
('无线蓝牙耳机(索尼)', 24100, 325, 'https://img.alicdn.com/imgextra/i1/2200721534029/O1CN01XqUJ0J2G7NRh9d5L1_!!2200721534029.jpg', '电子产品', '索尼', '黑色/白色/蓝色', 2987, 1, DATE_ADD('2026-01-01 00:00:00', INTERVAL 115873 MINUTE)),
('智能手机(索尼)', 758600, 265, 'https://img.alicdn.com/imgextra/i3/2200721534029/O1CN01XxGZQo2G7NRbOocQa_!!2200721534029.jpg', '电子产品', '索尼', '6.7寸 256GB 黑色', 842, 1, DATE_ADD('2026-01-01 00:00:00', INTERVAL 117716 MINUTE)),
('平板电脑(索尼)', 558100, 426, 'https://img.alicdn.com/imgextra/i2/2200721534029/O1CN01RRWkqN2G7NRcM1rYn_!!2200721534029.jpg', '电子产品', '索尼', '10.9寸 WiFi 128GB', 1266, 1, DATE_ADD('2026-01-01 00:00:00', INTERVAL 118431 MINUTE)),
('智能手表(索尼)', 172400, 912, 'https://img.alicdn.com/imgextra/i1/2200721534029/O1CN01XqUJ0J2G7NRh9d5L1_!!2200721534029.jpg', '电子产品', '索尼', '44mm 黑色 GPS版', 3377, 1, DATE_ADD('2026-01-01 00:00:00', INTERVAL 119867 MINUTE)),
('TWS真无线耳机(索尼)', 97900, 811, 'https://img.alicdn.com/imgextra/i2/2200721534029/O1CN01Gt9YBn2G7NRaP0WYC_!!2200721534029.jpg', '电子产品', '索尼', '主动降噪 白色', 3372, 1, DATE_ADD('2026-01-01 00:00:00', INTERVAL 122391 MINUTE)),
('蓝牙音箱(索尼)', 45300, 283, 'https://img.alicdn.com/imgextra/i2/2200721534029/O1CN01Gt9YBn2G7NRaP0WYC_!!2200721534029.jpg', '电子产品', '索尼', '便携式 黑色', 1304, 1, DATE_ADD('2026-01-01 00:00:00', INTERVAL 122604 MINUTE)),
('移动电源(索尼)', 11800, 889, 'https://img.alicdn.com/imgextra/i2/2200721534029/O1CN01RRWkqN2G7NRcM1rYn_!!2200721534029.jpg', '电子产品', '索尼', '20000mAh 快充版', 3855, 1, DATE_ADD('2026-01-01 00:00:00', INTERVAL 124252 MINUTE)),
('智能电视(索尼)', 676900, 368, 'https://img.alicdn.com/imgextra/i2/2200721534029/O1CN01RRWkqN2G7NRcM1rYn_!!2200721534029.jpg', '电子产品', '索尼', '55寸 4K OLED', 2500, 1, DATE_ADD('2026-01-01 00:00:00', INTERVAL 125701 MINUTE)),
('游戏手柄(索尼)', 87400, 207, 'https://img.alicdn.com/imgextra/i3/2200721534029/O1CN01XxGZQo2G7NRbOocQa_!!2200721534029.jpg', '电子产品', '索尼', '无线版 黑色', 3264, 1, DATE_ADD('2026-01-01 00:00:00', INTERVAL 127255 MINUTE)),
('机械键盘(索尼)', 44100, 1000, 'https://img.alicdn.com/imgextra/i3/2200721534029/O1CN01XxGZQo2G7NRbOocQa_!!2200721534029.jpg', '电子产品', '索尼', '87键 青轴 RGB', 2286, 1, DATE_ADD('2026-01-01 00:00:00', INTERVAL 129392 MINUTE)),
('无线鼠标(索尼)', 30300, 705, 'https://img.alicdn.com/imgextra/i3/2200721534029/O1CN01XxGZQo2G7NRbOocQa_!!2200721534029.jpg', '电子产品', '索尼', '人体工学 黑色', 4392, 1, DATE_ADD('2026-01-01 00:00:00', INTERVAL 129607 MINUTE)),
('外置硬盘(索尼)', 83300, 192, 'https://img.alicdn.com/imgextra/i3/2200721534029/O1CN01XxGZQo2G7NRbOocQa_!!2200721534029.jpg', '电子产品', '索尼', '1TB USB-C', 4756, 1, DATE_ADD('2026-01-01 00:00:00', INTERVAL 131106 MINUTE)),
('行车记录仪(索尼)', 80900, 454, 'https://img.alicdn.com/imgextra/i2/2200721534029/O1CN01Gt9YBn2G7NRaP0WYC_!!2200721534029.jpg', '电子产品', '索尼', '4K双镜头 WiFi版', 2831, 1, DATE_ADD('2026-01-01 00:00:00', INTERVAL 133107 MINUTE)),
('扫地机器人(索尼)', 348200, 533, 'https://img.alicdn.com/imgextra/i4/2200721534029/O1CN01hGVUfK2G7NRdMiDHK_!!2200721534029.jpg', '电子产品', '索尼', '激光导航 自动回充', 947, 1, DATE_ADD('2026-01-01 00:00:00', INTERVAL 135012 MINUTE)),
('空气净化器(索尼)', 184200, 55, 'https://img.alicdn.com/imgextra/i1/2200721534029/O1CN01XqUJ0J2G7NRh9d5L1_!!2200721534029.jpg', '电子产品', '索尼', 'HEPA 600m³/h', 3572, 1, DATE_ADD('2026-01-01 00:00:00', INTERVAL 136379 MINUTE)),
('电动牙刷(索尼)', 75000, 713, 'https://img.alicdn.com/imgextra/i3/2200721534029/O1CN01XxGZQo2G7NRbOocQa_!!2200721534029.jpg', '电子产品', '索尼', '声波振动 5模式', 1614, 1, DATE_ADD('2026-01-01 00:00:00', INTERVAL 137584 MINUTE)),
('智能门锁(索尼)', 215100, 648, 'https://img.alicdn.com/imgextra/i2/2200721534029/O1CN01Gt9YBn2G7NRaP0WYC_!!2200721534029.jpg', '电子产品', '索尼', '指纹+密码+NFC', 2571, 1, DATE_ADD('2026-01-01 00:00:00', INTERVAL 138466 MINUTE)),
('投影仪(索尼)', 445900, 529, 'https://img.alicdn.com/imgextra/i2/2200721534029/O1CN01Gt9YBn2G7NRaP0WYC_!!2200721534029.jpg', '电子产品', '索尼', '1080P 1500流明', 2533, 1, DATE_ADD('2026-01-01 00:00:00', INTERVAL 140480 MINUTE)),
('无线充电器(索尼)', 30500, 723, 'https://img.alicdn.com/imgextra/i1/2200721534029/O1CN01lwZ5oU2G7NRfSwVmJ_!!2200721534029.jpg', '电子产品', '索尼', '15W Qi 快充', 2422, 1, DATE_ADD('2026-01-01 00:00:00', INTERVAL 141372 MINUTE)),
('路由器(索尼)', 62900, 690, 'https://img.alicdn.com/imgextra/i2/2200721534029/O1CN01Gt9YBn2G7NRaP0WYC_!!2200721534029.jpg', '电子产品', '索尼', 'WiFi 6 双频 AX3000', 3105, 1, DATE_ADD('2026-01-01 00:00:00', INTERVAL 143997 MINUTE));

-- ---- 运动户外（5 品牌 × 20 规格 = 100 条）----
INSERT INTO item (name, price, stock, image, category, brand, spec, sold, status, create_time) VALUES
('跑步鞋(耐克)', 65500, 640, 'https://img.alicdn.com/imgextra/i3/2200721534029/O1CN01XxGZQo2G7NRbOocQa_!!2200721534029.jpg', '运动户外', '耐克', '42码 灰色 透气版', 4662, 1, DATE_ADD('2026-01-01 00:00:00', INTERVAL 144755 MINUTE)),
('健身哑铃(耐克)', 9900, 321, 'https://img.alicdn.com/imgextra/i2/2200721534029/O1CN01RRWkqN2G7NRcM1rYn_!!2200721534029.jpg', '运动户外', '耐克', '10kg 铸铁 防滑', 2350, 1, DATE_ADD('2026-01-01 00:00:00', INTERVAL 146270 MINUTE)),
('瑜伽垫(耐克)', 19700, 631, 'https://img.alicdn.com/imgextra/i4/2200721534029/O1CN01hGVUfK2G7NRdMiDHK_!!2200721534029.jpg', '运动户外', '耐克', '183×61cm 6mm 紫色', 2639, 1, DATE_ADD('2026-01-01 00:00:00', INTERVAL 147748 MINUTE)),
('骑行头盔(耐克)', 89000, 228, 'https://img.alicdn.com/imgextra/i4/2200721534029/O1CN01hGVUfK2G7NRdMiDHK_!!2200721534029.jpg', '运动户外', '耐克', 'M码 黑色 通风孔', 4187, 1, DATE_ADD('2026-01-01 00:00:00', INTERVAL 149710 MINUTE)),
('登山背包(耐克)', 47200, 300, 'https://img.alicdn.com/imgextra/i2/2200721534029/O1CN01Gt9YBn2G7NRaP0WYC_!!2200721534029.jpg', '运动户外', '耐克', '45L 防水 橙色', 4222, 1, DATE_ADD('2026-01-01 00:00:00', INTERVAL 150999 MINUTE)),
('跑步机(耐克)', 474400, 105, 'https://img.alicdn.com/imgextra/i2/2200721534029/O1CN01Gt9YBn2G7NRaP0WYC_!!2200721534029.jpg', '运动户外', '耐克', '15km/h 折叠款', 1924, 1, DATE_ADD('2026-01-01 00:00:00', INTERVAL 151754 MINUTE)),
('篮球(耐克)', 20000, 160, 'https://img.alicdn.com/imgextra/i1/2200721534029/O1CN01XqUJ0J2G7NRh9d5L1_!!2200721534029.jpg', '运动户外', '耐克', '7号 室内外两用', 200, 1, DATE_ADD('2026-01-01 00:00:00', INTERVAL 153090 MINUTE)),
('羽毛球拍(耐克)', 72400, 880, 'https://img.alicdn.com/imgextra/i4/2200721534029/O1CN01hGVUfK2G7NRdMiDHK_!!2200721534029.jpg', '运动户外', '耐克', '4U G5 全碳素', 596, 1, DATE_ADD('2026-01-01 00:00:00', INTERVAL 154916 MINUTE)),
('游泳镜(耐克)', 21000, 599, 'https://img.alicdn.com/imgextra/i2/2200721534029/O1CN01Gt9YBn2G7NRaP0WYC_!!2200721534029.jpg', '运动户外', '耐克', '防雾 近视200度', 1592, 1, DATE_ADD('2026-01-01 00:00:00', INTERVAL 156864 MINUTE)),
('帐篷(耐克)', 131100, 419, 'https://img.alicdn.com/imgextra/i2/2200721534029/O1CN01RRWkqN2G7NRcM1rYn_!!2200721534029.jpg', '运动户外', '耐克', '3-4人 防风防水', 1998, 1, DATE_ADD('2026-01-01 00:00:00', INTERVAL 158204 MINUTE)),
('睡袋(耐克)', 15400, 924, 'https://img.alicdn.com/imgextra/i4/2200721534029/O1CN01hGVUfK2G7NRdMiDHK_!!2200721534029.jpg', '运动户外', '耐克', '零下5度 400g绒', 873, 1, DATE_ADD('2026-01-01 00:00:00', INTERVAL 158831 MINUTE)),
('跳绳(耐克)', 16100, 485, 'https://img.alicdn.com/imgextra/i1/2200721534029/O1CN01lwZ5oU2G7NRfSwVmJ_!!2200721534029.jpg', '运动户外', '耐克', '钢丝绳 负重款', 411, 1, DATE_ADD('2026-01-01 00:00:00', INTERVAL 160318 MINUTE)),
('护膝(耐克)', 26600, 134, 'https://img.alicdn.com/imgextra/i2/2200721534029/O1CN01RRWkqN2G7NRcM1rYn_!!2200721534029.jpg', '运动户外', '耐克', 'XL码 硅胶防滑', 3739, 1, DATE_ADD('2026-01-01 00:00:00', INTERVAL 162162 MINUTE)),
('运动手环(耐克)', 74200, 582, 'https://img.alicdn.com/imgextra/i3/2200721534029/O1CN01XxGZQo2G7NRbOocQa_!!2200721534029.jpg', '运动户外', '耐克', '血氧监测 防水50m', 4877, 1, DATE_ADD('2026-01-01 00:00:00', INTERVAL 163599 MINUTE)),
('自行车(耐克)', 433700, 746, 'https://img.alicdn.com/imgextra/i4/2200721534029/O1CN01hGVUfK2G7NRdMiDHK_!!2200721534029.jpg', '运动户外', '耐克', '26寸 21速 铝合金', 4135, 1, DATE_ADD('2026-01-01 00:00:00', INTERVAL 165208 MINUTE)),
('滑雪板(耐克)', 330200, 771, 'https://img.alicdn.com/imgextra/i4/2200721534029/O1CN01hGVUfK2G7NRdMiDHK_!!2200721534029.jpg', '运动户外', '耐克', '155cm 全地形板', 3888, 1, DATE_ADD('2026-01-01 00:00:00', INTERVAL 166128 MINUTE)),
('攀岩绳(耐克)', 55200, 870, 'https://img.alicdn.com/imgextra/i1/2200721534029/O1CN01lwZ5oU2G7NRfSwVmJ_!!2200721534029.jpg', '运动户外', '耐克', '10mm×60m 动力绳', 2271, 1, DATE_ADD('2026-01-01 00:00:00', INTERVAL 167980 MINUTE)),
('钓鱼竿(耐克)', 39300, 291, 'https://img.alicdn.com/imgextra/i1/2200721534029/O1CN01XqUJ0J2G7NRh9d5L1_!!2200721534029.jpg', '运动户外', '耐克', '4.5m 超轻碳素', 3603, 1, DATE_ADD('2026-01-01 00:00:00', INTERVAL 169818 MINUTE)),
('足球(耐克)', 21900, 288, 'https://img.alicdn.com/imgextra/i3/2200721534029/O1CN01XxGZQo2G7NRbOocQa_!!2200721534029.jpg', '运动户外', '耐克', '5号 PU 耐磨', 2751, 1, DATE_ADD('2026-01-01 00:00:00', INTERVAL 170945 MINUTE)),
('乒乓球拍(耐克)', 16900, 164, 'https://img.alicdn.com/imgextra/i4/2200721534029/O1CN01hGVUfK2G7NRdMiDHK_!!2200721534029.jpg', '运动户外', '耐克', '直拍 快攻型 5层木', 1894, 1, DATE_ADD('2026-01-01 00:00:00', INTERVAL 172689 MINUTE)),
('跑步鞋(阿迪达斯)', 73700, 75, 'https://img.alicdn.com/imgextra/i4/2200721534029/O1CN01hGVUfK2G7NRdMiDHK_!!2200721534029.jpg', '运动户外', '阿迪达斯', '42码 灰色 透气版', 3398, 1, DATE_ADD('2026-01-01 00:00:00', INTERVAL 173434 MINUTE)),
('健身哑铃(阿迪达斯)', 57600, 435, 'https://img.alicdn.com/imgextra/i2/2200721534029/O1CN01RRWkqN2G7NRcM1rYn_!!2200721534029.jpg', '运动户外', '阿迪达斯', '10kg 铸铁 防滑', 510, 1, DATE_ADD('2026-01-01 00:00:00', INTERVAL 175044 MINUTE)),
('瑜伽垫(阿迪达斯)', 28000, 798, 'https://img.alicdn.com/imgextra/i2/2200721534029/O1CN01Gt9YBn2G7NRaP0WYC_!!2200721534029.jpg', '运动户外', '阿迪达斯', '183×61cm 6mm 紫色', 4784, 1, DATE_ADD('2026-01-01 00:00:00', INTERVAL 175734 MINUTE)),
('骑行头盔(阿迪达斯)', 98200, 599, 'https://img.alicdn.com/imgextra/i4/2200721534029/O1CN01hGVUfK2G7NRdMiDHK_!!2200721534029.jpg', '运动户外', '阿迪达斯', 'M码 黑色 通风孔', 3116, 1, DATE_ADD('2026-01-01 00:00:00', INTERVAL 177142 MINUTE)),
('登山背包(阿迪达斯)', 91000, 781, 'https://img.alicdn.com/imgextra/i4/2200721534029/O1CN01hGVUfK2G7NRdMiDHK_!!2200721534029.jpg', '运动户外', '阿迪达斯', '45L 防水 橙色', 3194, 1, DATE_ADD('2026-01-01 00:00:00', INTERVAL 179627 MINUTE)),
('跑步机(阿迪达斯)', 801700, 569, 'https://img.alicdn.com/imgextra/i2/2200721534029/O1CN01RRWkqN2G7NRcM1rYn_!!2200721534029.jpg', '运动户外', '阿迪达斯', '15km/h 折叠款', 4941, 1, DATE_ADD('2026-01-01 00:00:00', INTERVAL 180914 MINUTE)),
('篮球(阿迪达斯)', 23800, 456, 'https://img.alicdn.com/imgextra/i1/2200721534029/O1CN01XqUJ0J2G7NRh9d5L1_!!2200721534029.jpg', '运动户外', '阿迪达斯', '7号 室内外两用', 3978, 1, DATE_ADD('2026-01-01 00:00:00', INTERVAL 182181 MINUTE)),
('羽毛球拍(阿迪达斯)', 78300, 705, 'https://img.alicdn.com/imgextra/i2/2200721534029/O1CN01Gt9YBn2G7NRaP0WYC_!!2200721534029.jpg', '运动户外', '阿迪达斯', '4U G5 全碳素', 3312, 1, DATE_ADD('2026-01-01 00:00:00', INTERVAL 183233 MINUTE)),
('游泳镜(阿迪达斯)', 16800, 951, 'https://img.alicdn.com/imgextra/i1/2200721534029/O1CN01lwZ5oU2G7NRfSwVmJ_!!2200721534029.jpg', '运动户外', '阿迪达斯', '防雾 近视200度', 1045, 1, DATE_ADD('2026-01-01 00:00:00', INTERVAL 185341 MINUTE)),
('帐篷(阿迪达斯)', 110500, 616, 'https://img.alicdn.com/imgextra/i2/2200721534029/O1CN01Gt9YBn2G7NRaP0WYC_!!2200721534029.jpg', '运动户外', '阿迪达斯', '3-4人 防风防水', 4623, 1, DATE_ADD('2026-01-01 00:00:00', INTERVAL 185765 MINUTE)),
('睡袋(阿迪达斯)', 58700, 148, 'https://img.alicdn.com/imgextra/i2/2200721534029/O1CN01RRWkqN2G7NRcM1rYn_!!2200721534029.jpg', '运动户外', '阿迪达斯', '零下5度 400g绒', 3782, 1, DATE_ADD('2026-01-01 00:00:00', INTERVAL 187276 MINUTE)),
('跳绳(阿迪达斯)', 12600, 345, 'https://img.alicdn.com/imgextra/i4/2200721534029/O1CN01hGVUfK2G7NRdMiDHK_!!2200721534029.jpg', '运动户外', '阿迪达斯', '钢丝绳 负重款', 1733, 1, DATE_ADD('2026-01-01 00:00:00', INTERVAL 189261 MINUTE)),
('护膝(阿迪达斯)', 24300, 910, 'https://img.alicdn.com/imgextra/i3/2200721534029/O1CN01XxGZQo2G7NRbOocQa_!!2200721534029.jpg', '运动户外', '阿迪达斯', 'XL码 硅胶防滑', 3105, 1, DATE_ADD('2026-01-01 00:00:00', INTERVAL 190876 MINUTE)),
('运动手环(阿迪达斯)', 28200, 491, 'https://img.alicdn.com/imgextra/i2/2200721534029/O1CN01Gt9YBn2G7NRaP0WYC_!!2200721534029.jpg', '运动户外', '阿迪达斯', '血氧监测 防水50m', 158, 1, DATE_ADD('2026-01-01 00:00:00', INTERVAL 192543 MINUTE)),
('自行车(阿迪达斯)', 489800, 368, 'https://img.alicdn.com/imgextra/i2/2200721534029/O1CN01Gt9YBn2G7NRaP0WYC_!!2200721534029.jpg', '运动户外', '阿迪达斯', '26寸 21速 铝合金', 1836, 1, DATE_ADD('2026-01-01 00:00:00', INTERVAL 193129 MINUTE)),
('滑雪板(阿迪达斯)', 733800, 51, 'https://img.alicdn.com/imgextra/i2/2200721534029/O1CN01RRWkqN2G7NRcM1rYn_!!2200721534029.jpg', '运动户外', '阿迪达斯', '155cm 全地形板', 254, 1, DATE_ADD('2026-01-01 00:00:00', INTERVAL 194813 MINUTE)),
('攀岩绳(阿迪达斯)', 31900, 646, 'https://img.alicdn.com/imgextra/i2/2200721534029/O1CN01RRWkqN2G7NRcM1rYn_!!2200721534029.jpg', '运动户外', '阿迪达斯', '10mm×60m 动力绳', 1248, 1, DATE_ADD('2026-01-01 00:00:00', INTERVAL 196110 MINUTE)),
('钓鱼竿(阿迪达斯)', 83400, 127, 'https://img.alicdn.com/imgextra/i2/2200721534029/O1CN01RRWkqN2G7NRcM1rYn_!!2200721534029.jpg', '运动户外', '阿迪达斯', '4.5m 超轻碳素', 4620, 1, DATE_ADD('2026-01-01 00:00:00', INTERVAL 198164 MINUTE)),
('足球(阿迪达斯)', 23000, 795, 'https://img.alicdn.com/imgextra/i2/2200721534029/O1CN01RRWkqN2G7NRcM1rYn_!!2200721534029.jpg', '运动户外', '阿迪达斯', '5号 PU 耐磨', 3021, 1, DATE_ADD('2026-01-01 00:00:00', INTERVAL 199898 MINUTE)),
('乒乓球拍(阿迪达斯)', 59200, 775, 'https://img.alicdn.com/imgextra/i2/2200721534029/O1CN01RRWkqN2G7NRcM1rYn_!!2200721534029.jpg', '运动户外', '阿迪达斯', '直拍 快攻型 5层木', 938, 1, DATE_ADD('2026-01-01 00:00:00', INTERVAL 200706 MINUTE)),
('跑步鞋(李宁)', 148400, 36, 'https://img.alicdn.com/imgextra/i1/2200721534029/O1CN01lwZ5oU2G7NRfSwVmJ_!!2200721534029.jpg', '运动户外', '李宁', '42码 灰色 透气版', 2555, 1, DATE_ADD('2026-01-01 00:00:00', INTERVAL 202918 MINUTE)),
('健身哑铃(李宁)', 48300, 416, 'https://img.alicdn.com/imgextra/i1/2200721534029/O1CN01XqUJ0J2G7NRh9d5L1_!!2200721534029.jpg', '运动户外', '李宁', '10kg 铸铁 防滑', 1624, 1, DATE_ADD('2026-01-01 00:00:00', INTERVAL 204164 MINUTE)),
('瑜伽垫(李宁)', 26100, 652, 'https://img.alicdn.com/imgextra/i1/2200721534029/O1CN01XqUJ0J2G7NRh9d5L1_!!2200721534029.jpg', '运动户外', '李宁', '183×61cm 6mm 紫色', 1989, 1, DATE_ADD('2026-01-01 00:00:00', INTERVAL 205849 MINUTE)),
('骑行头盔(李宁)', 50700, 880, 'https://img.alicdn.com/imgextra/i1/2200721534029/O1CN01XqUJ0J2G7NRh9d5L1_!!2200721534029.jpg', '运动户外', '李宁', 'M码 黑色 通风孔', 4918, 1, DATE_ADD('2026-01-01 00:00:00', INTERVAL 207050 MINUTE)),
('登山背包(李宁)', 38300, 365, 'https://img.alicdn.com/imgextra/i4/2200721534029/O1CN01hGVUfK2G7NRdMiDHK_!!2200721534029.jpg', '运动户外', '李宁', '45L 防水 橙色', 4364, 1, DATE_ADD('2026-01-01 00:00:00', INTERVAL 208643 MINUTE)),
('跑步机(李宁)', 256300, 528, 'https://img.alicdn.com/imgextra/i1/2200721534029/O1CN01XqUJ0J2G7NRh9d5L1_!!2200721534029.jpg', '运动户外', '李宁', '15km/h 折叠款', 2795, 1, DATE_ADD('2026-01-01 00:00:00', INTERVAL 209632 MINUTE)),
('篮球(李宁)', 34900, 118, 'https://img.alicdn.com/imgextra/i3/2200721534029/O1CN01XxGZQo2G7NRbOocQa_!!2200721534029.jpg', '运动户外', '李宁', '7号 室内外两用', 3551, 1, DATE_ADD('2026-01-01 00:00:00', INTERVAL 211497 MINUTE)),
('羽毛球拍(李宁)', 56900, 734, 'https://img.alicdn.com/imgextra/i4/2200721534029/O1CN01hGVUfK2G7NRdMiDHK_!!2200721534029.jpg', '运动户外', '李宁', '4U G5 全碳素', 1253, 1, DATE_ADD('2026-01-01 00:00:00', INTERVAL 212026 MINUTE)),
('游泳镜(李宁)', 18200, 998, 'https://img.alicdn.com/imgextra/i1/2200721534029/O1CN01lwZ5oU2G7NRfSwVmJ_!!2200721534029.jpg', '运动户外', '李宁', '防雾 近视200度', 2212, 1, DATE_ADD('2026-01-01 00:00:00', INTERVAL 214189 MINUTE)),
('帐篷(李宁)', 128900, 486, 'https://img.alicdn.com/imgextra/i2/2200721534029/O1CN01Gt9YBn2G7NRaP0WYC_!!2200721534029.jpg', '运动户外', '李宁', '3-4人 防风防水', 3568, 1, DATE_ADD('2026-01-01 00:00:00', INTERVAL 215657 MINUTE)),
('睡袋(李宁)', 47900, 882, 'https://img.alicdn.com/imgextra/i1/2200721534029/O1CN01XqUJ0J2G7NRh9d5L1_!!2200721534029.jpg', '运动户外', '李宁', '零下5度 400g绒', 2011, 1, DATE_ADD('2026-01-01 00:00:00', INTERVAL 536 MINUTE)),
('跳绳(李宁)', 14400, 259, 'https://img.alicdn.com/imgextra/i1/2200721534029/O1CN01lwZ5oU2G7NRfSwVmJ_!!2200721534029.jpg', '运动户外', '李宁', '钢丝绳 负重款', 3806, 1, DATE_ADD('2026-01-01 00:00:00', INTERVAL 2622 MINUTE)),
('护膝(李宁)', 14600, 354, 'https://img.alicdn.com/imgextra/i4/2200721534029/O1CN01hGVUfK2G7NRdMiDHK_!!2200721534029.jpg', '运动户外', '李宁', 'XL码 硅胶防滑', 235, 1, DATE_ADD('2026-01-01 00:00:00', INTERVAL 3491 MINUTE)),
('运动手环(李宁)', 69800, 227, 'https://img.alicdn.com/imgextra/i3/2200721534029/O1CN01XxGZQo2G7NRbOocQa_!!2200721534029.jpg', '运动户外', '李宁', '血氧监测 防水50m', 2906, 1, DATE_ADD('2026-01-01 00:00:00', INTERVAL 4937 MINUTE)),
('自行车(李宁)', 460400, 620, 'https://img.alicdn.com/imgextra/i1/2200721534029/O1CN01lwZ5oU2G7NRfSwVmJ_!!2200721534029.jpg', '运动户外', '李宁', '26寸 21速 铝合金', 2263, 1, DATE_ADD('2026-01-01 00:00:00', INTERVAL 5793 MINUTE)),
('滑雪板(李宁)', 356400, 97, 'https://img.alicdn.com/imgextra/i2/2200721534029/O1CN01Gt9YBn2G7NRaP0WYC_!!2200721534029.jpg', '运动户外', '李宁', '155cm 全地形板', 1977, 1, DATE_ADD('2026-01-01 00:00:00', INTERVAL 8011 MINUTE)),
('攀岩绳(李宁)', 86700, 786, 'https://img.alicdn.com/imgextra/i2/2200721534029/O1CN01Gt9YBn2G7NRaP0WYC_!!2200721534029.jpg', '运动户外', '李宁', '10mm×60m 动力绳', 1968, 1, DATE_ADD('2026-01-01 00:00:00', INTERVAL 9581 MINUTE)),
('钓鱼竿(李宁)', 87700, 512, 'https://img.alicdn.com/imgextra/i1/2200721534029/O1CN01XqUJ0J2G7NRh9d5L1_!!2200721534029.jpg', '运动户外', '李宁', '4.5m 超轻碳素', 3671, 1, DATE_ADD('2026-01-01 00:00:00', INTERVAL 10218 MINUTE)),
('足球(李宁)', 21200, 424, 'https://img.alicdn.com/imgextra/i3/2200721534029/O1CN01XxGZQo2G7NRbOocQa_!!2200721534029.jpg', '运动户外', '李宁', '5号 PU 耐磨', 1993, 1, DATE_ADD('2026-01-01 00:00:00', INTERVAL 12817 MINUTE)),
('乒乓球拍(李宁)', 28700, 494, 'https://img.alicdn.com/imgextra/i1/2200721534029/O1CN01lwZ5oU2G7NRfSwVmJ_!!2200721534029.jpg', '运动户外', '李宁', '直拍 快攻型 5层木', 4534, 1, DATE_ADD('2026-01-01 00:00:00', INTERVAL 13647 MINUTE)),
('跑步鞋(安踏)', 142600, 348, 'https://img.alicdn.com/imgextra/i2/2200721534029/O1CN01Gt9YBn2G7NRaP0WYC_!!2200721534029.jpg', '运动户外', '安踏', '42码 灰色 透气版', 2882, 1, DATE_ADD('2026-01-01 00:00:00', INTERVAL 15257 MINUTE)),
('健身哑铃(安踏)', 41200, 267, 'https://img.alicdn.com/imgextra/i1/2200721534029/O1CN01XqUJ0J2G7NRh9d5L1_!!2200721534029.jpg', '运动户外', '安踏', '10kg 铸铁 防滑', 1888, 1, DATE_ADD('2026-01-01 00:00:00', INTERVAL 17232 MINUTE)),
('瑜伽垫(安踏)', 12900, 132, 'https://img.alicdn.com/imgextra/i2/2200721534029/O1CN01Gt9YBn2G7NRaP0WYC_!!2200721534029.jpg', '运动户外', '安踏', '183×61cm 6mm 紫色', 4389, 1, DATE_ADD('2026-01-01 00:00:00', INTERVAL 17592 MINUTE)),
('骑行头盔(安踏)', 42000, 766, 'https://img.alicdn.com/imgextra/i3/2200721534029/O1CN01XxGZQo2G7NRbOocQa_!!2200721534029.jpg', '运动户外', '安踏', 'M码 黑色 通风孔', 3966, 1, DATE_ADD('2026-01-01 00:00:00', INTERVAL 20137 MINUTE)),
('登山背包(安踏)', 137300, 621, 'https://img.alicdn.com/imgextra/i1/2200721534029/O1CN01XqUJ0J2G7NRh9d5L1_!!2200721534029.jpg', '运动户外', '安踏', '45L 防水 橙色', 2318, 1, DATE_ADD('2026-01-01 00:00:00', INTERVAL 20538 MINUTE)),
('跑步机(安踏)', 386200, 379, 'https://img.alicdn.com/imgextra/i3/2200721534029/O1CN01XxGZQo2G7NRbOocQa_!!2200721534029.jpg', '运动户外', '安踏', '15km/h 折叠款', 1469, 1, DATE_ADD('2026-01-01 00:00:00', INTERVAL 21645 MINUTE)),
('篮球(安踏)', 37200, 139, 'https://img.alicdn.com/imgextra/i1/2200721534029/O1CN01XqUJ0J2G7NRh9d5L1_!!2200721534029.jpg', '运动户外', '安踏', '7号 室内外两用', 2247, 1, DATE_ADD('2026-01-01 00:00:00', INTERVAL 23135 MINUTE)),
('羽毛球拍(安踏)', 39800, 724, 'https://img.alicdn.com/imgextra/i2/2200721534029/O1CN01Gt9YBn2G7NRaP0WYC_!!2200721534029.jpg', '运动户外', '安踏', '4U G5 全碳素', 1034, 1, DATE_ADD('2026-01-01 00:00:00', INTERVAL 25386 MINUTE)),
('游泳镜(安踏)', 27200, 22, 'https://img.alicdn.com/imgextra/i3/2200721534029/O1CN01XxGZQo2G7NRbOocQa_!!2200721534029.jpg', '运动户外', '安踏', '防雾 近视200度', 4702, 1, DATE_ADD('2026-01-01 00:00:00', INTERVAL 26850 MINUTE)),
('帐篷(安踏)', 120100, 358, 'https://img.alicdn.com/imgextra/i1/2200721534029/O1CN01XqUJ0J2G7NRh9d5L1_!!2200721534029.jpg', '运动户外', '安踏', '3-4人 防风防水', 1510, 1, DATE_ADD('2026-01-01 00:00:00', INTERVAL 27895 MINUTE)),
('睡袋(安踏)', 63800, 126, 'https://img.alicdn.com/imgextra/i4/2200721534029/O1CN01hGVUfK2G7NRdMiDHK_!!2200721534029.jpg', '运动户外', '安踏', '零下5度 400g绒', 535, 1, DATE_ADD('2026-01-01 00:00:00', INTERVAL 29704 MINUTE)),
('跳绳(安踏)', 17600, 654, 'https://img.alicdn.com/imgextra/i2/2200721534029/O1CN01RRWkqN2G7NRcM1rYn_!!2200721534029.jpg', '运动户外', '安踏', '钢丝绳 负重款', 439, 1, DATE_ADD('2026-01-01 00:00:00', INTERVAL 30531 MINUTE)),
('护膝(安踏)', 19300, 981, 'https://img.alicdn.com/imgextra/i1/2200721534029/O1CN01XqUJ0J2G7NRh9d5L1_!!2200721534029.jpg', '运动户外', '安踏', 'XL码 硅胶防滑', 2489, 1, DATE_ADD('2026-01-01 00:00:00', INTERVAL 32107 MINUTE)),
('运动手环(安踏)', 77000, 792, 'https://img.alicdn.com/imgextra/i1/2200721534029/O1CN01lwZ5oU2G7NRfSwVmJ_!!2200721534029.jpg', '运动户外', '安踏', '血氧监测 防水50m', 3409, 1, DATE_ADD('2026-01-01 00:00:00', INTERVAL 34310 MINUTE)),
('自行车(安踏)', 353200, 241, 'https://img.alicdn.com/imgextra/i4/2200721534029/O1CN01hGVUfK2G7NRdMiDHK_!!2200721534029.jpg', '运动户外', '安踏', '26寸 21速 铝合金', 4280, 1, DATE_ADD('2026-01-01 00:00:00', INTERVAL 35458 MINUTE)),
('滑雪板(安踏)', 562500, 314, 'https://img.alicdn.com/imgextra/i4/2200721534029/O1CN01hGVUfK2G7NRdMiDHK_!!2200721534029.jpg', '运动户外', '安踏', '155cm 全地形板', 4821, 1, DATE_ADD('2026-01-01 00:00:00', INTERVAL 36576 MINUTE)),
('攀岩绳(安踏)', 93400, 71, 'https://img.alicdn.com/imgextra/i2/2200721534029/O1CN01Gt9YBn2G7NRaP0WYC_!!2200721534029.jpg', '运动户外', '安踏', '10mm×60m 动力绳', 4994, 1, DATE_ADD('2026-01-01 00:00:00', INTERVAL 37668 MINUTE)),
('钓鱼竿(安踏)', 36100, 650, 'https://img.alicdn.com/imgextra/i3/2200721534029/O1CN01XxGZQo2G7NRbOocQa_!!2200721534029.jpg', '运动户外', '安踏', '4.5m 超轻碳素', 1728, 1, DATE_ADD('2026-01-01 00:00:00', INTERVAL 40145 MINUTE)),
('足球(安踏)', 17900, 255, 'https://img.alicdn.com/imgextra/i1/2200721534029/O1CN01lwZ5oU2G7NRfSwVmJ_!!2200721534029.jpg', '运动户外', '安踏', '5号 PU 耐磨', 1423, 1, DATE_ADD('2026-01-01 00:00:00', INTERVAL 40450 MINUTE)),
('乒乓球拍(安踏)', 10000, 428, 'https://img.alicdn.com/imgextra/i2/2200721534029/O1CN01Gt9YBn2G7NRaP0WYC_!!2200721534029.jpg', '运动户外', '安踏', '直拍 快攻型 5层木', 3690, 1, DATE_ADD('2026-01-01 00:00:00', INTERVAL 42930 MINUTE)),
('跑步鞋(迪卡侬)', 89500, 43, 'https://img.alicdn.com/imgextra/i3/2200721534029/O1CN01XxGZQo2G7NRbOocQa_!!2200721534029.jpg', '运动户外', '迪卡侬', '42码 灰色 透气版', 1896, 1, DATE_ADD('2026-01-01 00:00:00', INTERVAL 44538 MINUTE)),
('健身哑铃(迪卡侬)', 56300, 82, 'https://img.alicdn.com/imgextra/i3/2200721534029/O1CN01XxGZQo2G7NRbOocQa_!!2200721534029.jpg', '运动户外', '迪卡侬', '10kg 铸铁 防滑', 1912, 1, DATE_ADD('2026-01-01 00:00:00', INTERVAL 45877 MINUTE)),
('瑜伽垫(迪卡侬)', 21800, 833, 'https://img.alicdn.com/imgextra/i4/2200721534029/O1CN01hGVUfK2G7NRdMiDHK_!!2200721534029.jpg', '运动户外', '迪卡侬', '183×61cm 6mm 紫色', 1620, 1, DATE_ADD('2026-01-01 00:00:00', INTERVAL 46294 MINUTE)),
('骑行头盔(迪卡侬)', 42900, 673, 'https://img.alicdn.com/imgextra/i3/2200721534029/O1CN01XxGZQo2G7NRbOocQa_!!2200721534029.jpg', '运动户外', '迪卡侬', 'M码 黑色 通风孔', 1220, 1, DATE_ADD('2026-01-01 00:00:00', INTERVAL 47764 MINUTE)),
('登山背包(迪卡侬)', 42100, 179, 'https://img.alicdn.com/imgextra/i1/2200721534029/O1CN01lwZ5oU2G7NRfSwVmJ_!!2200721534029.jpg', '运动户外', '迪卡侬', '45L 防水 橙色', 2519, 1, DATE_ADD('2026-01-01 00:00:00', INTERVAL 50392 MINUTE)),
('跑步机(迪卡侬)', 666100, 953, 'https://img.alicdn.com/imgextra/i4/2200721534029/O1CN01hGVUfK2G7NRdMiDHK_!!2200721534029.jpg', '运动户外', '迪卡侬', '15km/h 折叠款', 2364, 1, DATE_ADD('2026-01-01 00:00:00', INTERVAL 50609 MINUTE)),
('篮球(迪卡侬)', 45100, 321, 'https://img.alicdn.com/imgextra/i3/2200721534029/O1CN01XxGZQo2G7NRbOocQa_!!2200721534029.jpg', '运动户外', '迪卡侬', '7号 室内外两用', 3297, 1, DATE_ADD('2026-01-01 00:00:00', INTERVAL 52834 MINUTE)),
('羽毛球拍(迪卡侬)', 60400, 458, 'https://img.alicdn.com/imgextra/i1/2200721534029/O1CN01lwZ5oU2G7NRfSwVmJ_!!2200721534029.jpg', '运动户外', '迪卡侬', '4U G5 全碳素', 658, 1, DATE_ADD('2026-01-01 00:00:00', INTERVAL 53396 MINUTE)),
('游泳镜(迪卡侬)', 15900, 762, 'https://img.alicdn.com/imgextra/i1/2200721534029/O1CN01lwZ5oU2G7NRfSwVmJ_!!2200721534029.jpg', '运动户外', '迪卡侬', '防雾 近视200度', 2640, 1, DATE_ADD('2026-01-01 00:00:00', INTERVAL 55201 MINUTE)),
('帐篷(迪卡侬)', 48600, 244, 'https://img.alicdn.com/imgextra/i1/2200721534029/O1CN01lwZ5oU2G7NRfSwVmJ_!!2200721534029.jpg', '运动户外', '迪卡侬', '3-4人 防风防水', 4712, 1, DATE_ADD('2026-01-01 00:00:00', INTERVAL 56208 MINUTE)),
('睡袋(迪卡侬)', 42400, 600, 'https://img.alicdn.com/imgextra/i2/2200721534029/O1CN01RRWkqN2G7NRcM1rYn_!!2200721534029.jpg', '运动户外', '迪卡侬', '零下5度 400g绒', 329, 1, DATE_ADD('2026-01-01 00:00:00', INTERVAL 58533 MINUTE)),
('跳绳(迪卡侬)', 19500, 462, 'https://img.alicdn.com/imgextra/i2/2200721534029/O1CN01RRWkqN2G7NRcM1rYn_!!2200721534029.jpg', '运动户外', '迪卡侬', '钢丝绳 负重款', 2278, 1, DATE_ADD('2026-01-01 00:00:00', INTERVAL 60147 MINUTE)),
('护膝(迪卡侬)', 21100, 843, 'https://img.alicdn.com/imgextra/i1/2200721534029/O1CN01XqUJ0J2G7NRh9d5L1_!!2200721534029.jpg', '运动户外', '迪卡侬', 'XL码 硅胶防滑', 4028, 1, DATE_ADD('2026-01-01 00:00:00', INTERVAL 61402 MINUTE)),
('运动手环(迪卡侬)', 61700, 351, 'https://img.alicdn.com/imgextra/i2/2200721534029/O1CN01Gt9YBn2G7NRaP0WYC_!!2200721534029.jpg', '运动户外', '迪卡侬', '血氧监测 防水50m', 2630, 1, DATE_ADD('2026-01-01 00:00:00', INTERVAL 62154 MINUTE)),
('自行车(迪卡侬)', 165700, 347, 'https://img.alicdn.com/imgextra/i2/2200721534029/O1CN01Gt9YBn2G7NRaP0WYC_!!2200721534029.jpg', '运动户外', '迪卡侬', '26寸 21速 铝合金', 3372, 1, DATE_ADD('2026-01-01 00:00:00', INTERVAL 64278 MINUTE)),
('滑雪板(迪卡侬)', 742600, 977, 'https://img.alicdn.com/imgextra/i1/2200721534029/O1CN01lwZ5oU2G7NRfSwVmJ_!!2200721534029.jpg', '运动户外', '迪卡侬', '155cm 全地形板', 3280, 1, DATE_ADD('2026-01-01 00:00:00', INTERVAL 64889 MINUTE)),
('攀岩绳(迪卡侬)', 38900, 332, 'https://img.alicdn.com/imgextra/i3/2200721534029/O1CN01XxGZQo2G7NRbOocQa_!!2200721534029.jpg', '运动户外', '迪卡侬', '10mm×60m 动力绳', 2067, 1, DATE_ADD('2026-01-01 00:00:00', INTERVAL 66469 MINUTE)),
('钓鱼竿(迪卡侬)', 56200, 895, 'https://img.alicdn.com/imgextra/i1/2200721534029/O1CN01XqUJ0J2G7NRh9d5L1_!!2200721534029.jpg', '运动户外', '迪卡侬', '4.5m 超轻碳素', 4215, 1, DATE_ADD('2026-01-01 00:00:00', INTERVAL 68995 MINUTE)),
('足球(迪卡侬)', 37600, 483, 'https://img.alicdn.com/imgextra/i1/2200721534029/O1CN01XqUJ0J2G7NRh9d5L1_!!2200721534029.jpg', '运动户外', '迪卡侬', '5号 PU 耐磨', 3385, 1, DATE_ADD('2026-01-01 00:00:00', INTERVAL 69513 MINUTE)),
('乒乓球拍(迪卡侬)', 28400, 647, 'https://img.alicdn.com/imgextra/i2/2200721534029/O1CN01Gt9YBn2G7NRaP0WYC_!!2200721534029.jpg', '运动户外', '迪卡侬', '直拍 快攻型 5层木', 4083, 1, DATE_ADD('2026-01-01 00:00:00', INTERVAL 71448 MINUTE));

-- ---- 美妆护肤（5 品牌 × 20 规格 = 100 条）----
INSERT INTO item (name, price, stock, image, category, brand, spec, sold, status, create_time) VALUES
('防晒霜(雅诗兰黛)', 11500, 218, 'https://img.alicdn.com/imgextra/i1/2200721534029/O1CN01lwZ5oU2G7NRfSwVmJ_!!2200721534029.jpg', '美妆护肤', '雅诗兰黛', 'SPF50+ PA++++ 50ml', 2187, 1, DATE_ADD('2026-01-01 00:00:00', INTERVAL 72299 MINUTE)),
('面部精华(雅诗兰黛)', 78800, 458, 'https://img.alicdn.com/imgextra/i1/2200721534029/O1CN01XqUJ0J2G7NRh9d5L1_!!2200721534029.jpg', '美妆护肤', '雅诗兰黛', '烟酰胺 美白 30ml', 3970, 1, DATE_ADD('2026-01-01 00:00:00', INTERVAL 73480 MINUTE)),
('保湿面霜(雅诗兰黛)', 72200, 828, 'https://img.alicdn.com/imgextra/i2/2200721534029/O1CN01Gt9YBn2G7NRaP0WYC_!!2200721534029.jpg', '美妆护肤', '雅诗兰黛', '玻尿酸 滋润型 50g', 1960, 1, DATE_ADD('2026-01-01 00:00:00', INTERVAL 75199 MINUTE)),
('洁面乳(雅诗兰黛)', 19000, 24, 'https://img.alicdn.com/imgextra/i4/2200721534029/O1CN01hGVUfK2G7NRdMiDHK_!!2200721534029.jpg', '美妆护肤', '雅诗兰黛', '氨基酸 温和型 150ml', 4524, 1, DATE_ADD('2026-01-01 00:00:00', INTERVAL 76454 MINUTE)),
('化妆水(雅诗兰黛)', 52900, 944, 'https://img.alicdn.com/imgextra/i4/2200721534029/O1CN01hGVUfK2G7NRdMiDHK_!!2200721534029.jpg', '美妆护肤', '雅诗兰黛', '补水爽肤 200ml', 929, 1, DATE_ADD('2026-01-01 00:00:00', INTERVAL 77981 MINUTE)),
('卸妆水(雅诗兰黛)', 15700, 520, 'https://img.alicdn.com/imgextra/i1/2200721534029/O1CN01lwZ5oU2G7NRfSwVmJ_!!2200721534029.jpg', '美妆护肤', '雅诗兰黛', '温和无刺激 400ml', 2390, 1, DATE_ADD('2026-01-01 00:00:00', INTERVAL 80537 MINUTE)),
('面膜(雅诗兰黛)', 14500, 864, 'https://img.alicdn.com/imgextra/i4/2200721534029/O1CN01hGVUfK2G7NRdMiDHK_!!2200721534029.jpg', '美妆护肤', '雅诗兰黛', '补水保湿 25片装', 3952, 1, DATE_ADD('2026-01-01 00:00:00', INTERVAL 81089 MINUTE)),
('口红(雅诗兰黛)', 35100, 158, 'https://img.alicdn.com/imgextra/i2/2200721534029/O1CN01RRWkqN2G7NRcM1rYn_!!2200721534029.jpg', '美妆护肤', '雅诗兰黛', '显色持久 5色可选', 3142, 1, DATE_ADD('2026-01-01 00:00:00', INTERVAL 83252 MINUTE)),
('粉底液(雅诗兰黛)', 48100, 910, 'https://img.alicdn.com/imgextra/i1/2200721534029/O1CN01XqUJ0J2G7NRh9d5L1_!!2200721534029.jpg', '美妆护肤', '雅诗兰黛', '遮瑕持妆 N20 30ml', 1118, 1, DATE_ADD('2026-01-01 00:00:00', INTERVAL 84049 MINUTE)),
('眼霜(雅诗兰黛)', 95700, 884, 'https://img.alicdn.com/imgextra/i3/2200721534029/O1CN01XxGZQo2G7NRbOocQa_!!2200721534029.jpg', '美妆护肤', '雅诗兰黛', '淡化黑眼圈 抗皱 20g', 3399, 1, DATE_ADD('2026-01-01 00:00:00', INTERVAL 85937 MINUTE)),
('睫毛膏(雅诗兰黛)', 7000, 299, 'https://img.alicdn.com/imgextra/i1/2200721534029/O1CN01lwZ5oU2G7NRfSwVmJ_!!2200721534029.jpg', '美妆护肤', '雅诗兰黛', '防水 浓密纤长 黑色', 2445, 1, DATE_ADD('2026-01-01 00:00:00', INTERVAL 87522 MINUTE)),
('眼影盘(雅诗兰黛)', 34900, 896, 'https://img.alicdn.com/imgextra/i4/2200721534029/O1CN01hGVUfK2G7NRdMiDHK_!!2200721534029.jpg', '美妆护肤', '雅诗兰黛', '12色 哑光+亮光', 1217, 1, DATE_ADD('2026-01-01 00:00:00', INTERVAL 88890 MINUTE)),
('香水(雅诗兰黛)', 100500, 350, 'https://img.alicdn.com/imgextra/i1/2200721534029/O1CN01lwZ5oU2G7NRfSwVmJ_!!2200721534029.jpg', '美妆护肤', '雅诗兰黛', '淡香 50ml 清新花香调', 4521, 1, DATE_ADD('2026-01-01 00:00:00', INTERVAL 90029 MINUTE)),
('洗发水(雅诗兰黛)', 28700, 339, 'https://img.alicdn.com/imgextra/i2/2200721534029/O1CN01Gt9YBn2G7NRaP0WYC_!!2200721534029.jpg', '美妆护肤', '雅诗兰黛', '去屑控油 300ml', 1545, 1, DATE_ADD('2026-01-01 00:00:00', INTERVAL 91176 MINUTE)),
('护发素(雅诗兰黛)', 14700, 249, 'https://img.alicdn.com/imgextra/i1/2200721534029/O1CN01XqUJ0J2G7NRh9d5L1_!!2200721534029.jpg', '美妆护肤', '雅诗兰黛', '修护受损 200ml', 3365, 1, DATE_ADD('2026-01-01 00:00:00', INTERVAL 92807 MINUTE)),
('身体乳(雅诗兰黛)', 17000, 732, 'https://img.alicdn.com/imgextra/i4/2200721534029/O1CN01hGVUfK2G7NRdMiDHK_!!2200721534029.jpg', '美妆护肤', '雅诗兰黛', '补水嫩肤 250ml', 3123, 1, DATE_ADD('2026-01-01 00:00:00', INTERVAL 94910 MINUTE)),
('唇膏(雅诗兰黛)', 13400, 677, 'https://img.alicdn.com/imgextra/i4/2200721534029/O1CN01hGVUfK2G7NRdMiDHK_!!2200721534029.jpg', '美妆护肤', '雅诗兰黛', '滋润保湿 果味 3g', 1246, 1, DATE_ADD('2026-01-01 00:00:00', INTERVAL 95108 MINUTE)),
('气垫BB霜(雅诗兰黛)', 35600, 998, 'https://img.alicdn.com/imgextra/i3/2200721534029/O1CN01XxGZQo2G7NRbOocQa_!!2200721534029.jpg', '美妆护肤', '雅诗兰黛', 'SPF50 遮瑕 粉色', 4834, 1, DATE_ADD('2026-01-01 00:00:00', INTERVAL 96715 MINUTE)),
('美白精华液(雅诗兰黛)', 59900, 112, 'https://img.alicdn.com/imgextra/i4/2200721534029/O1CN01hGVUfK2G7NRdMiDHK_!!2200721534029.jpg', '美妆护肤', '雅诗兰黛', 'VC衍生物 30ml', 4308, 1, DATE_ADD('2026-01-01 00:00:00', INTERVAL 97966 MINUTE)),
('隔离霜(雅诗兰黛)', 14200, 429, 'https://img.alicdn.com/imgextra/i1/2200721534029/O1CN01XqUJ0J2G7NRh9d5L1_!!2200721534029.jpg', '美妆护肤', '雅诗兰黛', '三合一防晒隔离 40ml', 1264, 1, DATE_ADD('2026-01-01 00:00:00', INTERVAL 100310 MINUTE)),
('防晒霜(兰蔻)', 22400, 356, 'https://img.alicdn.com/imgextra/i2/2200721534029/O1CN01Gt9YBn2G7NRaP0WYC_!!2200721534029.jpg', '美妆护肤', '兰蔻', 'SPF50+ PA++++ 50ml', 3256, 1, DATE_ADD('2026-01-01 00:00:00', INTERVAL 100974 MINUTE)),
('面部精华(兰蔻)', 87100, 882, 'https://img.alicdn.com/imgextra/i4/2200721534029/O1CN01hGVUfK2G7NRdMiDHK_!!2200721534029.jpg', '美妆护肤', '兰蔻', '烟酰胺 美白 30ml', 4371, 1, DATE_ADD('2026-01-01 00:00:00', INTERVAL 102880 MINUTE)),
('保湿面霜(兰蔻)', 59800, 903, 'https://img.alicdn.com/imgextra/i1/2200721534029/O1CN01XqUJ0J2G7NRh9d5L1_!!2200721534029.jpg', '美妆护肤', '兰蔻', '玻尿酸 滋润型 50g', 4432, 1, DATE_ADD('2026-01-01 00:00:00', INTERVAL 104824 MINUTE)),
('洁面乳(兰蔻)', 10900, 656, 'https://img.alicdn.com/imgextra/i2/2200721534029/O1CN01RRWkqN2G7NRcM1rYn_!!2200721534029.jpg', '美妆护肤', '兰蔻', '氨基酸 温和型 150ml', 2354, 1, DATE_ADD('2026-01-01 00:00:00', INTERVAL 106505 MINUTE)),
('化妆水(兰蔻)', 32100, 110, 'https://img.alicdn.com/imgextra/i4/2200721534029/O1CN01hGVUfK2G7NRdMiDHK_!!2200721534029.jpg', '美妆护肤', '兰蔻', '补水爽肤 200ml', 823, 1, DATE_ADD('2026-01-01 00:00:00', INTERVAL 106904 MINUTE)),
('卸妆水(兰蔻)', 23200, 935, 'https://img.alicdn.com/imgextra/i1/2200721534029/O1CN01XqUJ0J2G7NRh9d5L1_!!2200721534029.jpg', '美妆护肤', '兰蔻', '温和无刺激 400ml', 237, 1, DATE_ADD('2026-01-01 00:00:00', INTERVAL 108650 MINUTE)),
('面膜(兰蔻)', 5300, 310, 'https://img.alicdn.com/imgextra/i3/2200721534029/O1CN01XxGZQo2G7NRbOocQa_!!2200721534029.jpg', '美妆护肤', '兰蔻', '补水保湿 25片装', 2936, 1, DATE_ADD('2026-01-01 00:00:00', INTERVAL 110229 MINUTE)),
('口红(兰蔻)', 19400, 553, 'https://img.alicdn.com/imgextra/i1/2200721534029/O1CN01lwZ5oU2G7NRfSwVmJ_!!2200721534029.jpg', '美妆护肤', '兰蔻', '显色持久 5色可选', 3375, 1, DATE_ADD('2026-01-01 00:00:00', INTERVAL 112190 MINUTE)),
('粉底液(兰蔻)', 19100, 184, 'https://img.alicdn.com/imgextra/i1/2200721534029/O1CN01XqUJ0J2G7NRh9d5L1_!!2200721534029.jpg', '美妆护肤', '兰蔻', '遮瑕持妆 N20 30ml', 1434, 1, DATE_ADD('2026-01-01 00:00:00', INTERVAL 113515 MINUTE)),
('眼霜(兰蔻)', 54000, 644, 'https://img.alicdn.com/imgextra/i4/2200721534029/O1CN01hGVUfK2G7NRdMiDHK_!!2200721534029.jpg', '美妆护肤', '兰蔻', '淡化黑眼圈 抗皱 20g', 1972, 1, DATE_ADD('2026-01-01 00:00:00', INTERVAL 114849 MINUTE)),
('睫毛膏(兰蔻)', 18700, 482, 'https://img.alicdn.com/imgextra/i4/2200721534029/O1CN01hGVUfK2G7NRdMiDHK_!!2200721534029.jpg', '美妆护肤', '兰蔻', '防水 浓密纤长 黑色', 2080, 1, DATE_ADD('2026-01-01 00:00:00', INTERVAL 115722 MINUTE)),
('眼影盘(兰蔻)', 10300, 930, 'https://img.alicdn.com/imgextra/i3/2200721534029/O1CN01XxGZQo2G7NRbOocQa_!!2200721534029.jpg', '美妆护肤', '兰蔻', '12色 哑光+亮光', 3811, 1, DATE_ADD('2026-01-01 00:00:00', INTERVAL 117934 MINUTE)),
('香水(兰蔻)', 62200, 85, 'https://img.alicdn.com/imgextra/i3/2200721534029/O1CN01XxGZQo2G7NRbOocQa_!!2200721534029.jpg', '美妆护肤', '兰蔻', '淡香 50ml 清新花香调', 3618, 1, DATE_ADD('2026-01-01 00:00:00', INTERVAL 119179 MINUTE)),
('洗发水(兰蔻)', 21200, 995, 'https://img.alicdn.com/imgextra/i2/2200721534029/O1CN01Gt9YBn2G7NRaP0WYC_!!2200721534029.jpg', '美妆护肤', '兰蔻', '去屑控油 300ml', 3475, 1, DATE_ADD('2026-01-01 00:00:00', INTERVAL 120029 MINUTE)),
('护发素(兰蔻)', 26500, 319, 'https://img.alicdn.com/imgextra/i4/2200721534029/O1CN01hGVUfK2G7NRdMiDHK_!!2200721534029.jpg', '美妆护肤', '兰蔻', '修护受损 200ml', 1631, 1, DATE_ADD('2026-01-01 00:00:00', INTERVAL 121866 MINUTE)),
('身体乳(兰蔻)', 10900, 400, 'https://img.alicdn.com/imgextra/i3/2200721534029/O1CN01XxGZQo2G7NRbOocQa_!!2200721534029.jpg', '美妆护肤', '兰蔻', '补水嫩肤 250ml', 4685, 1, DATE_ADD('2026-01-01 00:00:00', INTERVAL 123498 MINUTE)),
('唇膏(兰蔻)', 11800, 312, 'https://img.alicdn.com/imgextra/i2/2200721534029/O1CN01Gt9YBn2G7NRaP0WYC_!!2200721534029.jpg', '美妆护肤', '兰蔻', '滋润保湿 果味 3g', 179, 1, DATE_ADD('2026-01-01 00:00:00', INTERVAL 124577 MINUTE)),
('气垫BB霜(兰蔻)', 10300, 589, 'https://img.alicdn.com/imgextra/i1/2200721534029/O1CN01lwZ5oU2G7NRfSwVmJ_!!2200721534029.jpg', '美妆护肤', '兰蔻', 'SPF50 遮瑕 粉色', 401, 1, DATE_ADD('2026-01-01 00:00:00', INTERVAL 126691 MINUTE)),
('美白精华液(兰蔻)', 44200, 804, 'https://img.alicdn.com/imgextra/i1/2200721534029/O1CN01lwZ5oU2G7NRfSwVmJ_!!2200721534029.jpg', '美妆护肤', '兰蔻', 'VC衍生物 30ml', 1885, 1, DATE_ADD('2026-01-01 00:00:00', INTERVAL 127394 MINUTE)),
('隔离霜(兰蔻)', 39400, 204, 'https://img.alicdn.com/imgextra/i2/2200721534029/O1CN01Gt9YBn2G7NRaP0WYC_!!2200721534029.jpg', '美妆护肤', '兰蔻', '三合一防晒隔离 40ml', 2053, 1, DATE_ADD('2026-01-01 00:00:00', INTERVAL 129589 MINUTE)),
('防晒霜(欧莱雅)', 42600, 707, 'https://img.alicdn.com/imgextra/i2/2200721534029/O1CN01Gt9YBn2G7NRaP0WYC_!!2200721534029.jpg', '美妆护肤', '欧莱雅', 'SPF50+ PA++++ 50ml', 1120, 1, DATE_ADD('2026-01-01 00:00:00', INTERVAL 129837 MINUTE)),
('面部精华(欧莱雅)', 148400, 671, 'https://img.alicdn.com/imgextra/i3/2200721534029/O1CN01XxGZQo2G7NRbOocQa_!!2200721534029.jpg', '美妆护肤', '欧莱雅', '烟酰胺 美白 30ml', 322, 1, DATE_ADD('2026-01-01 00:00:00', INTERVAL 131882 MINUTE)),
('保湿面霜(欧莱雅)', 69200, 383, 'https://img.alicdn.com/imgextra/i1/2200721534029/O1CN01XqUJ0J2G7NRh9d5L1_!!2200721534029.jpg', '美妆护肤', '欧莱雅', '玻尿酸 滋润型 50g', 1076, 1, DATE_ADD('2026-01-01 00:00:00', INTERVAL 133040 MINUTE)),
('洁面乳(欧莱雅)', 24000, 435, 'https://img.alicdn.com/imgextra/i2/2200721534029/O1CN01RRWkqN2G7NRcM1rYn_!!2200721534029.jpg', '美妆护肤', '欧莱雅', '氨基酸 温和型 150ml', 1438, 1, DATE_ADD('2026-01-01 00:00:00', INTERVAL 134210 MINUTE)),
('化妆水(欧莱雅)', 37500, 907, 'https://img.alicdn.com/imgextra/i1/2200721534029/O1CN01lwZ5oU2G7NRfSwVmJ_!!2200721534029.jpg', '美妆护肤', '欧莱雅', '补水爽肤 200ml', 2997, 1, DATE_ADD('2026-01-01 00:00:00', INTERVAL 136378 MINUTE)),
('卸妆水(欧莱雅)', 21800, 860, 'https://img.alicdn.com/imgextra/i3/2200721534029/O1CN01XxGZQo2G7NRbOocQa_!!2200721534029.jpg', '美妆护肤', '欧莱雅', '温和无刺激 400ml', 1347, 1, DATE_ADD('2026-01-01 00:00:00', INTERVAL 137751 MINUTE)),
('面膜(欧莱雅)', 11400, 774, 'https://img.alicdn.com/imgextra/i1/2200721534029/O1CN01XqUJ0J2G7NRh9d5L1_!!2200721534029.jpg', '美妆护肤', '欧莱雅', '补水保湿 25片装', 2774, 1, DATE_ADD('2026-01-01 00:00:00', INTERVAL 139084 MINUTE)),
('口红(欧莱雅)', 14100, 782, 'https://img.alicdn.com/imgextra/i2/2200721534029/O1CN01Gt9YBn2G7NRaP0WYC_!!2200721534029.jpg', '美妆护肤', '欧莱雅', '显色持久 5色可选', 1848, 1, DATE_ADD('2026-01-01 00:00:00', INTERVAL 141103 MINUTE)),
('粉底液(欧莱雅)', 30200, 1000, 'https://img.alicdn.com/imgextra/i3/2200721534029/O1CN01XxGZQo2G7NRbOocQa_!!2200721534029.jpg', '美妆护肤', '欧莱雅', '遮瑕持妆 N20 30ml', 4565, 1, DATE_ADD('2026-01-01 00:00:00', INTERVAL 141290 MINUTE)),
('眼霜(欧莱雅)', 55300, 24, 'https://img.alicdn.com/imgextra/i1/2200721534029/O1CN01lwZ5oU2G7NRfSwVmJ_!!2200721534029.jpg', '美妆护肤', '欧莱雅', '淡化黑眼圈 抗皱 20g', 2166, 1, DATE_ADD('2026-01-01 00:00:00', INTERVAL 142769 MINUTE)),
('睫毛膏(欧莱雅)', 25700, 698, 'https://img.alicdn.com/imgextra/i1/2200721534029/O1CN01lwZ5oU2G7NRfSwVmJ_!!2200721534029.jpg', '美妆护肤', '欧莱雅', '防水 浓密纤长 黑色', 2147, 1, DATE_ADD('2026-01-01 00:00:00', INTERVAL 144772 MINUTE)),
('眼影盘(欧莱雅)', 42500, 972, 'https://img.alicdn.com/imgextra/i1/2200721534029/O1CN01XqUJ0J2G7NRh9d5L1_!!2200721534029.jpg', '美妆护肤', '欧莱雅', '12色 哑光+亮光', 3043, 1, DATE_ADD('2026-01-01 00:00:00', INTERVAL 146714 MINUTE)),
('香水(欧莱雅)', 126400, 35, 'https://img.alicdn.com/imgextra/i3/2200721534029/O1CN01XxGZQo2G7NRbOocQa_!!2200721534029.jpg', '美妆护肤', '欧莱雅', '淡香 50ml 清新花香调', 4599, 1, DATE_ADD('2026-01-01 00:00:00', INTERVAL 148034 MINUTE)),
('洗发水(欧莱雅)', 21400, 74, 'https://img.alicdn.com/imgextra/i2/2200721534029/O1CN01Gt9YBn2G7NRaP0WYC_!!2200721534029.jpg', '美妆护肤', '欧莱雅', '去屑控油 300ml', 3803, 1, DATE_ADD('2026-01-01 00:00:00', INTERVAL 148901 MINUTE)),
('护发素(欧莱雅)', 15300, 129, 'https://img.alicdn.com/imgextra/i1/2200721534029/O1CN01XqUJ0J2G7NRh9d5L1_!!2200721534029.jpg', '美妆护肤', '欧莱雅', '修护受损 200ml', 1145, 1, DATE_ADD('2026-01-01 00:00:00', INTERVAL 149839 MINUTE)),
('身体乳(欧莱雅)', 17500, 128, 'https://img.alicdn.com/imgextra/i2/2200721534029/O1CN01RRWkqN2G7NRcM1rYn_!!2200721534029.jpg', '美妆护肤', '欧莱雅', '补水嫩肤 250ml', 796, 1, DATE_ADD('2026-01-01 00:00:00', INTERVAL 152228 MINUTE)),
('唇膏(欧莱雅)', 7800, 474, 'https://img.alicdn.com/imgextra/i2/2200721534029/O1CN01Gt9YBn2G7NRaP0WYC_!!2200721534029.jpg', '美妆护肤', '欧莱雅', '滋润保湿 果味 3g', 3039, 1, DATE_ADD('2026-01-01 00:00:00', INTERVAL 154064 MINUTE)),
('气垫BB霜(欧莱雅)', 37500, 439, 'https://img.alicdn.com/imgextra/i2/2200721534029/O1CN01Gt9YBn2G7NRaP0WYC_!!2200721534029.jpg', '美妆护肤', '欧莱雅', 'SPF50 遮瑕 粉色', 4811, 1, DATE_ADD('2026-01-01 00:00:00', INTERVAL 155469 MINUTE)),
('美白精华液(欧莱雅)', 57300, 680, 'https://img.alicdn.com/imgextra/i4/2200721534029/O1CN01hGVUfK2G7NRdMiDHK_!!2200721534029.jpg', '美妆护肤', '欧莱雅', 'VC衍生物 30ml', 811, 1, DATE_ADD('2026-01-01 00:00:00', INTERVAL 156686 MINUTE)),
('隔离霜(欧莱雅)', 21200, 43, 'https://img.alicdn.com/imgextra/i2/2200721534029/O1CN01RRWkqN2G7NRcM1rYn_!!2200721534029.jpg', '美妆护肤', '欧莱雅', '三合一防晒隔离 40ml', 3035, 1, DATE_ADD('2026-01-01 00:00:00', INTERVAL 157828 MINUTE)),
('防晒霜(资生堂)', 20900, 885, 'https://img.alicdn.com/imgextra/i1/2200721534029/O1CN01XqUJ0J2G7NRh9d5L1_!!2200721534029.jpg', '美妆护肤', '资生堂', 'SPF50+ PA++++ 50ml', 2971, 1, DATE_ADD('2026-01-01 00:00:00', INTERVAL 159683 MINUTE)),
('面部精华(资生堂)', 131400, 933, 'https://img.alicdn.com/imgextra/i1/2200721534029/O1CN01XqUJ0J2G7NRh9d5L1_!!2200721534029.jpg', '美妆护肤', '资生堂', '烟酰胺 美白 30ml', 2938, 1, DATE_ADD('2026-01-01 00:00:00', INTERVAL 160577 MINUTE)),
('保湿面霜(资生堂)', 29300, 135, 'https://img.alicdn.com/imgextra/i1/2200721534029/O1CN01XqUJ0J2G7NRh9d5L1_!!2200721534029.jpg', '美妆护肤', '资生堂', '玻尿酸 滋润型 50g', 3725, 1, DATE_ADD('2026-01-01 00:00:00', INTERVAL 162553 MINUTE)),
('洁面乳(资生堂)', 21300, 664, 'https://img.alicdn.com/imgextra/i1/2200721534029/O1CN01XqUJ0J2G7NRh9d5L1_!!2200721534029.jpg', '美妆护肤', '资生堂', '氨基酸 温和型 150ml', 4891, 1, DATE_ADD('2026-01-01 00:00:00', INTERVAL 162830 MINUTE)),
('化妆水(资生堂)', 26900, 259, 'https://img.alicdn.com/imgextra/i1/2200721534029/O1CN01lwZ5oU2G7NRfSwVmJ_!!2200721534029.jpg', '美妆护肤', '资生堂', '补水爽肤 200ml', 1031, 1, DATE_ADD('2026-01-01 00:00:00', INTERVAL 164524 MINUTE)),
('卸妆水(资生堂)', 36200, 222, 'https://img.alicdn.com/imgextra/i2/2200721534029/O1CN01RRWkqN2G7NRcM1rYn_!!2200721534029.jpg', '美妆护肤', '资生堂', '温和无刺激 400ml', 4803, 1, DATE_ADD('2026-01-01 00:00:00', INTERVAL 166041 MINUTE)),
('面膜(资生堂)', 7600, 817, 'https://img.alicdn.com/imgextra/i1/2200721534029/O1CN01XqUJ0J2G7NRh9d5L1_!!2200721534029.jpg', '美妆护肤', '资生堂', '补水保湿 25片装', 4882, 1, DATE_ADD('2026-01-01 00:00:00', INTERVAL 167574 MINUTE)),
('口红(资生堂)', 14300, 143, 'https://img.alicdn.com/imgextra/i3/2200721534029/O1CN01XxGZQo2G7NRbOocQa_!!2200721534029.jpg', '美妆护肤', '资生堂', '显色持久 5色可选', 4425, 1, DATE_ADD('2026-01-01 00:00:00', INTERVAL 168787 MINUTE)),
('粉底液(资生堂)', 43700, 897, 'https://img.alicdn.com/imgextra/i2/2200721534029/O1CN01RRWkqN2G7NRcM1rYn_!!2200721534029.jpg', '美妆护肤', '资生堂', '遮瑕持妆 N20 30ml', 211, 1, DATE_ADD('2026-01-01 00:00:00', INTERVAL 169942 MINUTE)),
('眼霜(资生堂)', 95700, 817, 'https://img.alicdn.com/imgextra/i1/2200721534029/O1CN01lwZ5oU2G7NRfSwVmJ_!!2200721534029.jpg', '美妆护肤', '资生堂', '淡化黑眼圈 抗皱 20g', 1949, 1, DATE_ADD('2026-01-01 00:00:00', INTERVAL 171961 MINUTE)),
('睫毛膏(资生堂)', 15800, 281, 'https://img.alicdn.com/imgextra/i2/2200721534029/O1CN01RRWkqN2G7NRcM1rYn_!!2200721534029.jpg', '美妆护肤', '资生堂', '防水 浓密纤长 黑色', 429, 1, DATE_ADD('2026-01-01 00:00:00', INTERVAL 174206 MINUTE)),
('眼影盘(资生堂)', 36800, 126, 'https://img.alicdn.com/imgextra/i4/2200721534029/O1CN01hGVUfK2G7NRdMiDHK_!!2200721534029.jpg', '美妆护肤', '资生堂', '12色 哑光+亮光', 520, 1, DATE_ADD('2026-01-01 00:00:00', INTERVAL 175129 MINUTE)),
('香水(资生堂)', 104000, 535, 'https://img.alicdn.com/imgextra/i1/2200721534029/O1CN01XqUJ0J2G7NRh9d5L1_!!2200721534029.jpg', '美妆护肤', '资生堂', '淡香 50ml 清新花香调', 4863, 1, DATE_ADD('2026-01-01 00:00:00', INTERVAL 176552 MINUTE)),
('洗发水(资生堂)', 10500, 978, 'https://img.alicdn.com/imgextra/i2/2200721534029/O1CN01Gt9YBn2G7NRaP0WYC_!!2200721534029.jpg', '美妆护肤', '资生堂', '去屑控油 300ml', 355, 1, DATE_ADD('2026-01-01 00:00:00', INTERVAL 178413 MINUTE)),
('护发素(资生堂)', 12600, 479, 'https://img.alicdn.com/imgextra/i1/2200721534029/O1CN01XqUJ0J2G7NRh9d5L1_!!2200721534029.jpg', '美妆护肤', '资生堂', '修护受损 200ml', 255, 1, DATE_ADD('2026-01-01 00:00:00', INTERVAL 179514 MINUTE)),
('身体乳(资生堂)', 15100, 446, 'https://img.alicdn.com/imgextra/i4/2200721534029/O1CN01hGVUfK2G7NRdMiDHK_!!2200721534029.jpg', '美妆护肤', '资生堂', '补水嫩肤 250ml', 884, 1, DATE_ADD('2026-01-01 00:00:00', INTERVAL 181378 MINUTE)),
('唇膏(资生堂)', 8500, 85, 'https://img.alicdn.com/imgextra/i3/2200721534029/O1CN01XxGZQo2G7NRbOocQa_!!2200721534029.jpg', '美妆护肤', '资生堂', '滋润保湿 果味 3g', 661, 1, DATE_ADD('2026-01-01 00:00:00', INTERVAL 182589 MINUTE)),
('气垫BB霜(资生堂)', 13200, 139, 'https://img.alicdn.com/imgextra/i1/2200721534029/O1CN01lwZ5oU2G7NRfSwVmJ_!!2200721534029.jpg', '美妆护肤', '资生堂', 'SPF50 遮瑕 粉色', 2252, 1, DATE_ADD('2026-01-01 00:00:00', INTERVAL 184117 MINUTE)),
('美白精华液(资生堂)', 71000, 739, 'https://img.alicdn.com/imgextra/i4/2200721534029/O1CN01hGVUfK2G7NRdMiDHK_!!2200721534029.jpg', '美妆护肤', '资生堂', 'VC衍生物 30ml', 2663, 1, DATE_ADD('2026-01-01 00:00:00', INTERVAL 185493 MINUTE)),
('隔离霜(资生堂)', 21900, 474, 'https://img.alicdn.com/imgextra/i1/2200721534029/O1CN01lwZ5oU2G7NRfSwVmJ_!!2200721534029.jpg', '美妆护肤', '资生堂', '三合一防晒隔离 40ml', 4141, 1, DATE_ADD('2026-01-01 00:00:00', INTERVAL 186546 MINUTE)),
('防晒霜(百雀羚)', 49500, 728, 'https://img.alicdn.com/imgextra/i2/2200721534029/O1CN01Gt9YBn2G7NRaP0WYC_!!2200721534029.jpg', '美妆护肤', '百雀羚', 'SPF50+ PA++++ 50ml', 937, 1, DATE_ADD('2026-01-01 00:00:00', INTERVAL 188456 MINUTE)),
('面部精华(百雀羚)', 132800, 748, 'https://img.alicdn.com/imgextra/i4/2200721534029/O1CN01hGVUfK2G7NRdMiDHK_!!2200721534029.jpg', '美妆护肤', '百雀羚', '烟酰胺 美白 30ml', 1761, 1, DATE_ADD('2026-01-01 00:00:00', INTERVAL 189536 MINUTE)),
('保湿面霜(百雀羚)', 33200, 433, 'https://img.alicdn.com/imgextra/i4/2200721534029/O1CN01hGVUfK2G7NRdMiDHK_!!2200721534029.jpg', '美妆护肤', '百雀羚', '玻尿酸 滋润型 50g', 2776, 1, DATE_ADD('2026-01-01 00:00:00', INTERVAL 190826 MINUTE)),
('洁面乳(百雀羚)', 23500, 107, 'https://img.alicdn.com/imgextra/i4/2200721534029/O1CN01hGVUfK2G7NRdMiDHK_!!2200721534029.jpg', '美妆护肤', '百雀羚', '氨基酸 温和型 150ml', 2560, 1, DATE_ADD('2026-01-01 00:00:00', INTERVAL 192162 MINUTE)),
('化妆水(百雀羚)', 22900, 393, 'https://img.alicdn.com/imgextra/i2/2200721534029/O1CN01Gt9YBn2G7NRaP0WYC_!!2200721534029.jpg', '美妆护肤', '百雀羚', '补水爽肤 200ml', 1250, 1, DATE_ADD('2026-01-01 00:00:00', INTERVAL 193864 MINUTE)),
('卸妆水(百雀羚)', 12500, 861, 'https://img.alicdn.com/imgextra/i1/2200721534029/O1CN01XqUJ0J2G7NRh9d5L1_!!2200721534029.jpg', '美妆护肤', '百雀羚', '温和无刺激 400ml', 699, 1, DATE_ADD('2026-01-01 00:00:00', INTERVAL 195186 MINUTE)),
('面膜(百雀羚)', 13400, 841, 'https://img.alicdn.com/imgextra/i1/2200721534029/O1CN01lwZ5oU2G7NRfSwVmJ_!!2200721534029.jpg', '美妆护肤', '百雀羚', '补水保湿 25片装', 1065, 1, DATE_ADD('2026-01-01 00:00:00', INTERVAL 195937 MINUTE)),
('口红(百雀羚)', 35600, 585, 'https://img.alicdn.com/imgextra/i2/2200721534029/O1CN01Gt9YBn2G7NRaP0WYC_!!2200721534029.jpg', '美妆护肤', '百雀羚', '显色持久 5色可选', 2700, 1, DATE_ADD('2026-01-01 00:00:00', INTERVAL 197486 MINUTE)),
('粉底液(百雀羚)', 28000, 904, 'https://img.alicdn.com/imgextra/i2/2200721534029/O1CN01Gt9YBn2G7NRaP0WYC_!!2200721534029.jpg', '美妆护肤', '百雀羚', '遮瑕持妆 N20 30ml', 3464, 1, DATE_ADD('2026-01-01 00:00:00', INTERVAL 198798 MINUTE)),
('眼霜(百雀羚)', 76300, 329, 'https://img.alicdn.com/imgextra/i1/2200721534029/O1CN01XqUJ0J2G7NRh9d5L1_!!2200721534029.jpg', '美妆护肤', '百雀羚', '淡化黑眼圈 抗皱 20g', 2880, 1, DATE_ADD('2026-01-01 00:00:00', INTERVAL 201272 MINUTE)),
('睫毛膏(百雀羚)', 17700, 168, 'https://img.alicdn.com/imgextra/i2/2200721534029/O1CN01RRWkqN2G7NRcM1rYn_!!2200721534029.jpg', '美妆护肤', '百雀羚', '防水 浓密纤长 黑色', 3950, 1, DATE_ADD('2026-01-01 00:00:00', INTERVAL 201802 MINUTE)),
('眼影盘(百雀羚)', 53100, 579, 'https://img.alicdn.com/imgextra/i1/2200721534029/O1CN01XqUJ0J2G7NRh9d5L1_!!2200721534029.jpg', '美妆护肤', '百雀羚', '12色 哑光+亮光', 3011, 1, DATE_ADD('2026-01-01 00:00:00', INTERVAL 203556 MINUTE)),
('香水(百雀羚)', 76200, 836, 'https://img.alicdn.com/imgextra/i1/2200721534029/O1CN01lwZ5oU2G7NRfSwVmJ_!!2200721534029.jpg', '美妆护肤', '百雀羚', '淡香 50ml 清新花香调', 3515, 1, DATE_ADD('2026-01-01 00:00:00', INTERVAL 205659 MINUTE)),
('洗发水(百雀羚)', 22100, 668, 'https://img.alicdn.com/imgextra/i1/2200721534029/O1CN01XqUJ0J2G7NRh9d5L1_!!2200721534029.jpg', '美妆护肤', '百雀羚', '去屑控油 300ml', 4560, 1, DATE_ADD('2026-01-01 00:00:00', INTERVAL 207119 MINUTE)),
('护发素(百雀羚)', 21700, 859, 'https://img.alicdn.com/imgextra/i1/2200721534029/O1CN01XqUJ0J2G7NRh9d5L1_!!2200721534029.jpg', '美妆护肤', '百雀羚', '修护受损 200ml', 2190, 1, DATE_ADD('2026-01-01 00:00:00', INTERVAL 207677 MINUTE)),
('身体乳(百雀羚)', 22800, 790, 'https://img.alicdn.com/imgextra/i3/2200721534029/O1CN01XxGZQo2G7NRbOocQa_!!2200721534029.jpg', '美妆护肤', '百雀羚', '补水嫩肤 250ml', 2531, 1, DATE_ADD('2026-01-01 00:00:00', INTERVAL 209460 MINUTE)),
('唇膏(百雀羚)', 5200, 900, 'https://img.alicdn.com/imgextra/i1/2200721534029/O1CN01lwZ5oU2G7NRfSwVmJ_!!2200721534029.jpg', '美妆护肤', '百雀羚', '滋润保湿 果味 3g', 1173, 1, DATE_ADD('2026-01-01 00:00:00', INTERVAL 211525 MINUTE)),
('气垫BB霜(百雀羚)', 13400, 155, 'https://img.alicdn.com/imgextra/i1/2200721534029/O1CN01XqUJ0J2G7NRh9d5L1_!!2200721534029.jpg', '美妆护肤', '百雀羚', 'SPF50 遮瑕 粉色', 251, 1, DATE_ADD('2026-01-01 00:00:00', INTERVAL 213093 MINUTE)),
('美白精华液(百雀羚)', 36900, 395, 'https://img.alicdn.com/imgextra/i4/2200721534029/O1CN01hGVUfK2G7NRdMiDHK_!!2200721534029.jpg', '美妆护肤', '百雀羚', 'VC衍生物 30ml', 3439, 1, DATE_ADD('2026-01-01 00:00:00', INTERVAL 213730 MINUTE)),
('隔离霜(百雀羚)', 25800, 329, 'https://img.alicdn.com/imgextra/i1/2200721534029/O1CN01lwZ5oU2G7NRfSwVmJ_!!2200721534029.jpg', '美妆护肤', '百雀羚', '三合一防晒隔离 40ml', 2657, 1, DATE_ADD('2026-01-01 00:00:00', INTERVAL 215705 MINUTE));

-- ---- 食品饮料（5 品牌 × 20 规格 = 100 条）----
INSERT INTO item (name, price, stock, image, category, brand, spec, sold, status, create_time) VALUES
('有机绿茶(农夫山泉)', 5200, 169, 'https://img.alicdn.com/imgextra/i1/2200721534029/O1CN01lwZ5oU2G7NRfSwVmJ_!!2200721534029.jpg', '食品饮料', '农夫山泉', '特级龙井 125g', 1289, 1, DATE_ADD('2026-01-01 00:00:00', INTERVAL 103 MINUTE)),
('坚果礼盒(农夫山泉)', 14000, 288, 'https://img.alicdn.com/imgextra/i2/2200721534029/O1CN01Gt9YBn2G7NRaP0WYC_!!2200721534029.jpg', '食品饮料', '农夫山泉', '10种坚果 800g', 3629, 1, DATE_ADD('2026-01-01 00:00:00', INTERVAL 2251 MINUTE)),
('即食燕麦片(农夫山泉)', 16200, 434, 'https://img.alicdn.com/imgextra/i2/2200721534029/O1CN01RRWkqN2G7NRcM1rYn_!!2200721534029.jpg', '食品饮料', '农夫山泉', '0添加 原味 1000g', 2237, 1, DATE_ADD('2026-01-01 00:00:00', INTERVAL 3847 MINUTE)),
('纯果汁(农夫山泉)', 7300, 450, 'https://img.alicdn.com/imgextra/i3/2200721534029/O1CN01XxGZQo2G7NRbOocQa_!!2200721534029.jpg', '食品饮料', '农夫山泉', '100%橙汁 1L', 908, 1, DATE_ADD('2026-01-01 00:00:00', INTERVAL 5623 MINUTE)),
('矿泉水(农夫山泉)', 2300, 508, 'https://img.alicdn.com/imgextra/i2/2200721534029/O1CN01Gt9YBn2G7NRaP0WYC_!!2200721534029.jpg', '食品饮料', '农夫山泉', '550ml×24瓶装', 4316, 1, DATE_ADD('2026-01-01 00:00:00', INTERVAL 6302 MINUTE)),
('蜂蜜(农夫山泉)', 10500, 414, 'https://img.alicdn.com/imgextra/i1/2200721534029/O1CN01XqUJ0J2G7NRh9d5L1_!!2200721534029.jpg', '食品饮料', '农夫山泉', '百花蜜 纯天然 500g', 4909, 1, DATE_ADD('2026-01-01 00:00:00', INTERVAL 7213 MINUTE)),
('咖啡粉(农夫山泉)', 12600, 978, 'https://img.alicdn.com/imgextra/i2/2200721534029/O1CN01RRWkqN2G7NRcM1rYn_!!2200721534029.jpg', '食品饮料', '农夫山泉', '意式浓缩 中深焙 250g', 1730, 1, DATE_ADD('2026-01-01 00:00:00', INTERVAL 9138 MINUTE)),
('牛奶礼盒(农夫山泉)', 13200, 132, 'https://img.alicdn.com/imgextra/i4/2200721534029/O1CN01hGVUfK2G7NRdMiDHK_!!2200721534029.jpg', '食品饮料', '农夫山泉', '全脂纯牛奶 250ml×12', 63, 1, DATE_ADD('2026-01-01 00:00:00', INTERVAL 11487 MINUTE)),
('薯片(农夫山泉)', 2000, 142, 'https://img.alicdn.com/imgextra/i1/2200721534029/O1CN01lwZ5oU2G7NRfSwVmJ_!!2200721534029.jpg', '食品饮料', '农夫山泉', '原味/烧烤/海苔 80g', 3114, 1, DATE_ADD('2026-01-01 00:00:00', INTERVAL 12854 MINUTE)),
('巧克力(农夫山泉)', 16700, 582, 'https://img.alicdn.com/imgextra/i1/2200721534029/O1CN01XqUJ0J2G7NRh9d5L1_!!2200721534029.jpg', '食品饮料', '农夫山泉', '72%黑巧克力 100g', 2901, 1, DATE_ADD('2026-01-01 00:00:00', INTERVAL 13735 MINUTE)),
('糖果礼盒(农夫山泉)', 23800, 53, 'https://img.alicdn.com/imgextra/i1/2200721534029/O1CN01XqUJ0J2G7NRh9d5L1_!!2200721534029.jpg', '食品饮料', '农夫山泉', '混合水果味 500g', 3573, 1, DATE_ADD('2026-01-01 00:00:00', INTERVAL 15298 MINUTE)),
('方便面(农夫山泉)', 1300, 892, 'https://img.alicdn.com/imgextra/i1/2200721534029/O1CN01lwZ5oU2G7NRfSwVmJ_!!2200721534029.jpg', '食品饮料', '农夫山泉', '老坛酸菜牛肉 12桶装', 2564, 1, DATE_ADD('2026-01-01 00:00:00', INTERVAL 16656 MINUTE)),
('饼干(农夫山泉)', 7000, 736, 'https://img.alicdn.com/imgextra/i3/2200721534029/O1CN01XxGZQo2G7NRbOocQa_!!2200721534029.jpg', '食品饮料', '农夫山泉', '奶酪夹心 200g', 3421, 1, DATE_ADD('2026-01-01 00:00:00', INTERVAL 17485 MINUTE)),
('红枣(农夫山泉)', 3100, 999, 'https://img.alicdn.com/imgextra/i2/2200721534029/O1CN01RRWkqN2G7NRcM1rYn_!!2200721534029.jpg', '食品饮料', '农夫山泉', '新疆若羌灰枣 500g', 2660, 1, DATE_ADD('2026-01-01 00:00:00', INTERVAL 19889 MINUTE)),
('枸杞(农夫山泉)', 13100, 100, 'https://img.alicdn.com/imgextra/i1/2200721534029/O1CN01XqUJ0J2G7NRh9d5L1_!!2200721534029.jpg', '食品饮料', '农夫山泉', '宁夏枸杞 特级 250g', 3577, 1, DATE_ADD('2026-01-01 00:00:00', INTERVAL 20607 MINUTE)),
('藜麦(农夫山泉)', 19900, 420, 'https://img.alicdn.com/imgextra/i1/2200721534029/O1CN01XqUJ0J2G7NRh9d5L1_!!2200721534029.jpg', '食品饮料', '农夫山泉', '有机三色藜麦 500g', 4292, 1, DATE_ADD('2026-01-01 00:00:00', INTERVAL 22375 MINUTE)),
('橄榄油(农夫山泉)', 25700, 773, 'https://img.alicdn.com/imgextra/i2/2200721534029/O1CN01RRWkqN2G7NRcM1rYn_!!2200721534029.jpg', '食品饮料', '农夫山泉', '特级初榨 500ml', 2781, 1, DATE_ADD('2026-01-01 00:00:00', INTERVAL 23689 MINUTE)),
('酱油(农夫山泉)', 4000, 88, 'https://img.alicdn.com/imgextra/i2/2200721534029/O1CN01Gt9YBn2G7NRaP0WYC_!!2200721534029.jpg', '食品饮料', '农夫山泉', '生抽酱油 1L', 4181, 1, DATE_ADD('2026-01-01 00:00:00', INTERVAL 24693 MINUTE)),
('海苔零食(农夫山泉)', 8400, 208, 'https://img.alicdn.com/imgextra/i3/2200721534029/O1CN01XxGZQo2G7NRbOocQa_!!2200721534029.jpg', '食品饮料', '农夫山泉', '即食烤海苔 40g', 2862, 1, DATE_ADD('2026-01-01 00:00:00', INTERVAL 27352 MINUTE)),
('果冻(农夫山泉)', 3700, 251, 'https://img.alicdn.com/imgextra/i2/2200721534029/O1CN01RRWkqN2G7NRcM1rYn_!!2200721534029.jpg', '食品饮料', '农夫山泉', '混合口味 果汁果冻 6杯装', 842, 1, DATE_ADD('2026-01-01 00:00:00', INTERVAL 27852 MINUTE)),
('有机绿茶(康师傅)', 8300, 626, 'https://img.alicdn.com/imgextra/i2/2200721534029/O1CN01Gt9YBn2G7NRaP0WYC_!!2200721534029.jpg', '食品饮料', '康师傅', '特级龙井 125g', 1252, 1, DATE_ADD('2026-01-01 00:00:00', INTERVAL 28931 MINUTE)),
('坚果礼盒(康师傅)', 49400, 653, 'https://img.alicdn.com/imgextra/i4/2200721534029/O1CN01hGVUfK2G7NRdMiDHK_!!2200721534029.jpg', '食品饮料', '康师傅', '10种坚果 800g', 4047, 1, DATE_ADD('2026-01-01 00:00:00', INTERVAL 31368 MINUTE)),
('即食燕麦片(康师傅)', 19700, 469, 'https://img.alicdn.com/imgextra/i2/2200721534029/O1CN01Gt9YBn2G7NRaP0WYC_!!2200721534029.jpg', '食品饮料', '康师傅', '0添加 原味 1000g', 4624, 1, DATE_ADD('2026-01-01 00:00:00', INTERVAL 32919 MINUTE)),
('纯果汁(康师傅)', 7000, 894, 'https://img.alicdn.com/imgextra/i2/2200721534029/O1CN01RRWkqN2G7NRcM1rYn_!!2200721534029.jpg', '食品饮料', '康师傅', '100%橙汁 1L', 2589, 1, DATE_ADD('2026-01-01 00:00:00', INTERVAL 33964 MINUTE)),
('矿泉水(康师傅)', 2000, 462, 'https://img.alicdn.com/imgextra/i3/2200721534029/O1CN01XxGZQo2G7NRbOocQa_!!2200721534029.jpg', '食品饮料', '康师傅', '550ml×24瓶装', 2480, 1, DATE_ADD('2026-01-01 00:00:00', INTERVAL 35643 MINUTE)),
('蜂蜜(康师傅)', 13900, 529, 'https://img.alicdn.com/imgextra/i3/2200721534029/O1CN01XxGZQo2G7NRbOocQa_!!2200721534029.jpg', '食品饮料', '康师傅', '百花蜜 纯天然 500g', 607, 1, DATE_ADD('2026-01-01 00:00:00', INTERVAL 36868 MINUTE)),
('咖啡粉(康师傅)', 5800, 68, 'https://img.alicdn.com/imgextra/i3/2200721534029/O1CN01XxGZQo2G7NRbOocQa_!!2200721534029.jpg', '食品饮料', '康师傅', '意式浓缩 中深焙 250g', 3020, 1, DATE_ADD('2026-01-01 00:00:00', INTERVAL 37601 MINUTE)),
('牛奶礼盒(康师傅)', 27000, 885, 'https://img.alicdn.com/imgextra/i1/2200721534029/O1CN01lwZ5oU2G7NRfSwVmJ_!!2200721534029.jpg', '食品饮料', '康师傅', '全脂纯牛奶 250ml×12', 739, 1, DATE_ADD('2026-01-01 00:00:00', INTERVAL 40052 MINUTE)),
('薯片(康师傅)', 3300, 483, 'https://img.alicdn.com/imgextra/i1/2200721534029/O1CN01lwZ5oU2G7NRfSwVmJ_!!2200721534029.jpg', '食品饮料', '康师傅', '原味/烧烤/海苔 80g', 4754, 1, DATE_ADD('2026-01-01 00:00:00', INTERVAL 41757 MINUTE)),
('巧克力(康师傅)', 4900, 470, 'https://img.alicdn.com/imgextra/i2/2200721534029/O1CN01Gt9YBn2G7NRaP0WYC_!!2200721534029.jpg', '食品饮料', '康师傅', '72%黑巧克力 100g', 4683, 1, DATE_ADD('2026-01-01 00:00:00', INTERVAL 42140 MINUTE)),
('糖果礼盒(康师傅)', 20300, 497, 'https://img.alicdn.com/imgextra/i2/2200721534029/O1CN01RRWkqN2G7NRcM1rYn_!!2200721534029.jpg', '食品饮料', '康师傅', '混合水果味 500g', 4107, 1, DATE_ADD('2026-01-01 00:00:00', INTERVAL 43288 MINUTE)),
('方便面(康师傅)', 1500, 840, 'https://img.alicdn.com/imgextra/i2/2200721534029/O1CN01Gt9YBn2G7NRaP0WYC_!!2200721534029.jpg', '食品饮料', '康师傅', '老坛酸菜牛肉 12桶装', 2813, 1, DATE_ADD('2026-01-01 00:00:00', INTERVAL 44792 MINUTE)),
('饼干(康师傅)', 4100, 50, 'https://img.alicdn.com/imgextra/i2/2200721534029/O1CN01Gt9YBn2G7NRaP0WYC_!!2200721534029.jpg', '食品饮料', '康师傅', '奶酪夹心 200g', 2029, 1, DATE_ADD('2026-01-01 00:00:00', INTERVAL 46948 MINUTE)),
('红枣(康师傅)', 9600, 545, 'https://img.alicdn.com/imgextra/i2/2200721534029/O1CN01RRWkqN2G7NRcM1rYn_!!2200721534029.jpg', '食品饮料', '康师傅', '新疆若羌灰枣 500g', 4995, 1, DATE_ADD('2026-01-01 00:00:00', INTERVAL 48203 MINUTE)),
('枸杞(康师傅)', 11100, 406, 'https://img.alicdn.com/imgextra/i3/2200721534029/O1CN01XxGZQo2G7NRbOocQa_!!2200721534029.jpg', '食品饮料', '康师傅', '宁夏枸杞 特级 250g', 3348, 1, DATE_ADD('2026-01-01 00:00:00', INTERVAL 50258 MINUTE)),
('藜麦(康师傅)', 6200, 818, 'https://img.alicdn.com/imgextra/i1/2200721534029/O1CN01XqUJ0J2G7NRh9d5L1_!!2200721534029.jpg', '食品饮料', '康师傅', '有机三色藜麦 500g', 2741, 1, DATE_ADD('2026-01-01 00:00:00', INTERVAL 51006 MINUTE)),
('橄榄油(康师傅)', 38400, 704, 'https://img.alicdn.com/imgextra/i3/2200721534029/O1CN01XxGZQo2G7NRbOocQa_!!2200721534029.jpg', '食品饮料', '康师傅', '特级初榨 500ml', 3166, 1, DATE_ADD('2026-01-01 00:00:00', INTERVAL 52366 MINUTE)),
('酱油(康师傅)', 9600, 904, 'https://img.alicdn.com/imgextra/i3/2200721534029/O1CN01XxGZQo2G7NRbOocQa_!!2200721534029.jpg', '食品饮料', '康师傅', '生抽酱油 1L', 1231, 1, DATE_ADD('2026-01-01 00:00:00', INTERVAL 53437 MINUTE)),
('海苔零食(康师傅)', 3700, 948, 'https://img.alicdn.com/imgextra/i3/2200721534029/O1CN01XxGZQo2G7NRbOocQa_!!2200721534029.jpg', '食品饮料', '康师傅', '即食烤海苔 40g', 2865, 1, DATE_ADD('2026-01-01 00:00:00', INTERVAL 55964 MINUTE)),
('果冻(康师傅)', 6900, 142, 'https://img.alicdn.com/imgextra/i2/2200721534029/O1CN01Gt9YBn2G7NRaP0WYC_!!2200721534029.jpg', '食品饮料', '康师傅', '混合口味 果汁果冻 6杯装', 4874, 1, DATE_ADD('2026-01-01 00:00:00', INTERVAL 56299 MINUTE)),
('有机绿茶(统一)', 18200, 395, 'https://img.alicdn.com/imgextra/i2/2200721534029/O1CN01RRWkqN2G7NRcM1rYn_!!2200721534029.jpg', '食品饮料', '统一', '特级龙井 125g', 2690, 1, DATE_ADD('2026-01-01 00:00:00', INTERVAL 58904 MINUTE)),
('坚果礼盒(统一)', 47700, 711, 'https://img.alicdn.com/imgextra/i1/2200721534029/O1CN01XqUJ0J2G7NRh9d5L1_!!2200721534029.jpg', '食品饮料', '统一', '10种坚果 800g', 4312, 1, DATE_ADD('2026-01-01 00:00:00', INTERVAL 60282 MINUTE)),
('即食燕麦片(统一)', 15700, 530, 'https://img.alicdn.com/imgextra/i1/2200721534029/O1CN01XqUJ0J2G7NRh9d5L1_!!2200721534029.jpg', '食品饮料', '统一', '0添加 原味 1000g', 2964, 1, DATE_ADD('2026-01-01 00:00:00', INTERVAL 61159 MINUTE)),
('纯果汁(统一)', 5200, 983, 'https://img.alicdn.com/imgextra/i3/2200721534029/O1CN01XxGZQo2G7NRbOocQa_!!2200721534029.jpg', '食品饮料', '统一', '100%橙汁 1L', 1754, 1, DATE_ADD('2026-01-01 00:00:00', INTERVAL 62832 MINUTE)),
('矿泉水(统一)', 1200, 150, 'https://img.alicdn.com/imgextra/i1/2200721534029/O1CN01XqUJ0J2G7NRh9d5L1_!!2200721534029.jpg', '食品饮料', '统一', '550ml×24瓶装', 1269, 1, DATE_ADD('2026-01-01 00:00:00', INTERVAL 63954 MINUTE)),
('蜂蜜(统一)', 25000, 113, 'https://img.alicdn.com/imgextra/i1/2200721534029/O1CN01lwZ5oU2G7NRfSwVmJ_!!2200721534029.jpg', '食品饮料', '统一', '百花蜜 纯天然 500g', 4158, 1, DATE_ADD('2026-01-01 00:00:00', INTERVAL 66236 MINUTE)),
('咖啡粉(统一)', 18300, 48, 'https://img.alicdn.com/imgextra/i1/2200721534029/O1CN01lwZ5oU2G7NRfSwVmJ_!!2200721534029.jpg', '食品饮料', '统一', '意式浓缩 中深焙 250g', 2758, 1, DATE_ADD('2026-01-01 00:00:00', INTERVAL 66518 MINUTE)),
('牛奶礼盒(统一)', 14500, 167, 'https://img.alicdn.com/imgextra/i2/2200721534029/O1CN01RRWkqN2G7NRcM1rYn_!!2200721534029.jpg', '食品饮料', '统一', '全脂纯牛奶 250ml×12', 1329, 1, DATE_ADD('2026-01-01 00:00:00', INTERVAL 69049 MINUTE)),
('薯片(统一)', 4800, 838, 'https://img.alicdn.com/imgextra/i2/2200721534029/O1CN01Gt9YBn2G7NRaP0WYC_!!2200721534029.jpg', '食品饮料', '统一', '原味/烧烤/海苔 80g', 1356, 1, DATE_ADD('2026-01-01 00:00:00', INTERVAL 69962 MINUTE)),
('巧克力(统一)', 14400, 383, 'https://img.alicdn.com/imgextra/i4/2200721534029/O1CN01hGVUfK2G7NRdMiDHK_!!2200721534029.jpg', '食品饮料', '统一', '72%黑巧克力 100g', 1945, 1, DATE_ADD('2026-01-01 00:00:00', INTERVAL 71718 MINUTE)),
('糖果礼盒(统一)', 24100, 776, 'https://img.alicdn.com/imgextra/i2/2200721534029/O1CN01RRWkqN2G7NRcM1rYn_!!2200721534029.jpg', '食品饮料', '统一', '混合水果味 500g', 3677, 1, DATE_ADD('2026-01-01 00:00:00', INTERVAL 73035 MINUTE)),
('方便面(统一)', 2800, 998, 'https://img.alicdn.com/imgextra/i2/2200721534029/O1CN01RRWkqN2G7NRcM1rYn_!!2200721534029.jpg', '食品饮料', '统一', '老坛酸菜牛肉 12桶装', 3842, 1, DATE_ADD('2026-01-01 00:00:00', INTERVAL 74143 MINUTE)),
('饼干(统一)', 9200, 461, 'https://img.alicdn.com/imgextra/i3/2200721534029/O1CN01XxGZQo2G7NRbOocQa_!!2200721534029.jpg', '食品饮料', '统一', '奶酪夹心 200g', 3782, 1, DATE_ADD('2026-01-01 00:00:00', INTERVAL 75632 MINUTE)),
('红枣(统一)', 9600, 438, 'https://img.alicdn.com/imgextra/i2/2200721534029/O1CN01RRWkqN2G7NRcM1rYn_!!2200721534029.jpg', '食品饮料', '统一', '新疆若羌灰枣 500g', 1327, 1, DATE_ADD('2026-01-01 00:00:00', INTERVAL 77468 MINUTE)),
('枸杞(统一)', 10300, 63, 'https://img.alicdn.com/imgextra/i3/2200721534029/O1CN01XxGZQo2G7NRbOocQa_!!2200721534029.jpg', '食品饮料', '统一', '宁夏枸杞 特级 250g', 3936, 1, DATE_ADD('2026-01-01 00:00:00', INTERVAL 78839 MINUTE)),
('藜麦(统一)', 7500, 738, 'https://img.alicdn.com/imgextra/i1/2200721534029/O1CN01XqUJ0J2G7NRh9d5L1_!!2200721534029.jpg', '食品饮料', '统一', '有机三色藜麦 500g', 4226, 1, DATE_ADD('2026-01-01 00:00:00', INTERVAL 79745 MINUTE)),
('橄榄油(统一)', 48900, 174, 'https://img.alicdn.com/imgextra/i4/2200721534029/O1CN01hGVUfK2G7NRdMiDHK_!!2200721534029.jpg', '食品饮料', '统一', '特级初榨 500ml', 2234, 1, DATE_ADD('2026-01-01 00:00:00', INTERVAL 81609 MINUTE)),
('酱油(统一)', 7400, 103, 'https://img.alicdn.com/imgextra/i4/2200721534029/O1CN01hGVUfK2G7NRdMiDHK_!!2200721534029.jpg', '食品饮料', '统一', '生抽酱油 1L', 1818, 1, DATE_ADD('2026-01-01 00:00:00', INTERVAL 82799 MINUTE)),
('海苔零食(统一)', 2200, 434, 'https://img.alicdn.com/imgextra/i4/2200721534029/O1CN01hGVUfK2G7NRdMiDHK_!!2200721534029.jpg', '食品饮料', '统一', '即食烤海苔 40g', 436, 1, DATE_ADD('2026-01-01 00:00:00', INTERVAL 84503 MINUTE)),
('果冻(统一)', 4900, 405, 'https://img.alicdn.com/imgextra/i3/2200721534029/O1CN01XxGZQo2G7NRbOocQa_!!2200721534029.jpg', '食品饮料', '统一', '混合口味 果汁果冻 6杯装', 668, 1, DATE_ADD('2026-01-01 00:00:00', INTERVAL 85381 MINUTE)),
('有机绿茶(旺旺)', 12000, 963, 'https://img.alicdn.com/imgextra/i2/2200721534029/O1CN01Gt9YBn2G7NRaP0WYC_!!2200721534029.jpg', '食品饮料', '旺旺', '特级龙井 125g', 811, 1, DATE_ADD('2026-01-01 00:00:00', INTERVAL 87621 MINUTE)),
('坚果礼盒(旺旺)', 17300, 150, 'https://img.alicdn.com/imgextra/i3/2200721534029/O1CN01XxGZQo2G7NRbOocQa_!!2200721534029.jpg', '食品饮料', '旺旺', '10种坚果 800g', 313, 1, DATE_ADD('2026-01-01 00:00:00', INTERVAL 88784 MINUTE)),
('即食燕麦片(旺旺)', 8400, 787, 'https://img.alicdn.com/imgextra/i4/2200721534029/O1CN01hGVUfK2G7NRdMiDHK_!!2200721534029.jpg', '食品饮料', '旺旺', '0添加 原味 1000g', 3842, 1, DATE_ADD('2026-01-01 00:00:00', INTERVAL 90420 MINUTE)),
('纯果汁(旺旺)', 3900, 29, 'https://img.alicdn.com/imgextra/i2/2200721534029/O1CN01RRWkqN2G7NRcM1rYn_!!2200721534029.jpg', '食品饮料', '旺旺', '100%橙汁 1L', 2096, 1, DATE_ADD('2026-01-01 00:00:00', INTERVAL 90995 MINUTE)),
('矿泉水(旺旺)', 2800, 633, 'https://img.alicdn.com/imgextra/i4/2200721534029/O1CN01hGVUfK2G7NRdMiDHK_!!2200721534029.jpg', '食品饮料', '旺旺', '550ml×24瓶装', 4323, 1, DATE_ADD('2026-01-01 00:00:00', INTERVAL 92389 MINUTE)),
('蜂蜜(旺旺)', 12200, 253, 'https://img.alicdn.com/imgextra/i1/2200721534029/O1CN01XqUJ0J2G7NRh9d5L1_!!2200721534029.jpg', '食品饮料', '旺旺', '百花蜜 纯天然 500g', 2467, 1, DATE_ADD('2026-01-01 00:00:00', INTERVAL 93675 MINUTE)),
('咖啡粉(旺旺)', 15600, 664, 'https://img.alicdn.com/imgextra/i1/2200721534029/O1CN01XqUJ0J2G7NRh9d5L1_!!2200721534029.jpg', '食品饮料', '旺旺', '意式浓缩 中深焙 250g', 3744, 1, DATE_ADD('2026-01-01 00:00:00', INTERVAL 95273 MINUTE)),
('牛奶礼盒(旺旺)', 28000, 521, 'https://img.alicdn.com/imgextra/i1/2200721534029/O1CN01lwZ5oU2G7NRfSwVmJ_!!2200721534029.jpg', '食品饮料', '旺旺', '全脂纯牛奶 250ml×12', 4888, 1, DATE_ADD('2026-01-01 00:00:00', INTERVAL 96520 MINUTE)),
('薯片(旺旺)', 4100, 598, 'https://img.alicdn.com/imgextra/i2/2200721534029/O1CN01Gt9YBn2G7NRaP0WYC_!!2200721534029.jpg', '食品饮料', '旺旺', '原味/烧烤/海苔 80g', 1981, 1, DATE_ADD('2026-01-01 00:00:00', INTERVAL 98178 MINUTE)),
('巧克力(旺旺)', 14800, 11, 'https://img.alicdn.com/imgextra/i2/2200721534029/O1CN01RRWkqN2G7NRcM1rYn_!!2200721534029.jpg', '食品饮料', '旺旺', '72%黑巧克力 100g', 2890, 1, DATE_ADD('2026-01-01 00:00:00', INTERVAL 100466 MINUTE)),
('糖果礼盒(旺旺)', 9600, 690, 'https://img.alicdn.com/imgextra/i1/2200721534029/O1CN01lwZ5oU2G7NRfSwVmJ_!!2200721534029.jpg', '食品饮料', '旺旺', '混合水果味 500g', 701, 1, DATE_ADD('2026-01-01 00:00:00', INTERVAL 101464 MINUTE)),
('方便面(旺旺)', 4200, 567, 'https://img.alicdn.com/imgextra/i1/2200721534029/O1CN01lwZ5oU2G7NRfSwVmJ_!!2200721534029.jpg', '食品饮料', '旺旺', '老坛酸菜牛肉 12桶装', 4156, 1, DATE_ADD('2026-01-01 00:00:00', INTERVAL 103261 MINUTE)),
('饼干(旺旺)', 6800, 904, 'https://img.alicdn.com/imgextra/i1/2200721534029/O1CN01XqUJ0J2G7NRh9d5L1_!!2200721534029.jpg', '食品饮料', '旺旺', '奶酪夹心 200g', 3851, 1, DATE_ADD('2026-01-01 00:00:00', INTERVAL 104904 MINUTE)),
('红枣(旺旺)', 7600, 269, 'https://img.alicdn.com/imgextra/i3/2200721534029/O1CN01XxGZQo2G7NRbOocQa_!!2200721534029.jpg', '食品饮料', '旺旺', '新疆若羌灰枣 500g', 133, 1, DATE_ADD('2026-01-01 00:00:00', INTERVAL 105262 MINUTE)),
('枸杞(旺旺)', 10000, 760, 'https://img.alicdn.com/imgextra/i1/2200721534029/O1CN01lwZ5oU2G7NRfSwVmJ_!!2200721534029.jpg', '食品饮料', '旺旺', '宁夏枸杞 特级 250g', 849, 1, DATE_ADD('2026-01-01 00:00:00', INTERVAL 107988 MINUTE)),
('藜麦(旺旺)', 13400, 146, 'https://img.alicdn.com/imgextra/i3/2200721534029/O1CN01XxGZQo2G7NRbOocQa_!!2200721534029.jpg', '食品饮料', '旺旺', '有机三色藜麦 500g', 363, 1, DATE_ADD('2026-01-01 00:00:00', INTERVAL 109041 MINUTE)),
('橄榄油(旺旺)', 42800, 189, 'https://img.alicdn.com/imgextra/i2/2200721534029/O1CN01Gt9YBn2G7NRaP0WYC_!!2200721534029.jpg', '食品饮料', '旺旺', '特级初榨 500ml', 3806, 1, DATE_ADD('2026-01-01 00:00:00', INTERVAL 110380 MINUTE)),
('酱油(旺旺)', 4200, 840, 'https://img.alicdn.com/imgextra/i1/2200721534029/O1CN01XqUJ0J2G7NRh9d5L1_!!2200721534029.jpg', '食品饮料', '旺旺', '生抽酱油 1L', 1104, 1, DATE_ADD('2026-01-01 00:00:00', INTERVAL 112249 MINUTE)),
('海苔零食(旺旺)', 7700, 47, 'https://img.alicdn.com/imgextra/i2/2200721534029/O1CN01RRWkqN2G7NRcM1rYn_!!2200721534029.jpg', '食品饮料', '旺旺', '即食烤海苔 40g', 2403, 1, DATE_ADD('2026-01-01 00:00:00', INTERVAL 112430 MINUTE)),
('果冻(旺旺)', 4400, 917, 'https://img.alicdn.com/imgextra/i3/2200721534029/O1CN01XxGZQo2G7NRbOocQa_!!2200721534029.jpg', '食品饮料', '旺旺', '混合口味 果汁果冻 6杯装', 343, 1, DATE_ADD('2026-01-01 00:00:00', INTERVAL 114332 MINUTE)),
('有机绿茶(三只松鼠)', 14000, 844, 'https://img.alicdn.com/imgextra/i4/2200721534029/O1CN01hGVUfK2G7NRdMiDHK_!!2200721534029.jpg', '食品饮料', '三只松鼠', '特级龙井 125g', 4448, 1, DATE_ADD('2026-01-01 00:00:00', INTERVAL 115682 MINUTE)),
('坚果礼盒(三只松鼠)', 48400, 672, 'https://img.alicdn.com/imgextra/i3/2200721534029/O1CN01XxGZQo2G7NRbOocQa_!!2200721534029.jpg', '食品饮料', '三只松鼠', '10种坚果 800g', 1565, 1, DATE_ADD('2026-01-01 00:00:00', INTERVAL 117355 MINUTE)),
('即食燕麦片(三只松鼠)', 6100, 896, 'https://img.alicdn.com/imgextra/i3/2200721534029/O1CN01XxGZQo2G7NRbOocQa_!!2200721534029.jpg', '食品饮料', '三只松鼠', '0添加 原味 1000g', 2719, 1, DATE_ADD('2026-01-01 00:00:00', INTERVAL 118311 MINUTE)),
('纯果汁(三只松鼠)', 7600, 457, 'https://img.alicdn.com/imgextra/i2/2200721534029/O1CN01Gt9YBn2G7NRaP0WYC_!!2200721534029.jpg', '食品饮料', '三只松鼠', '100%橙汁 1L', 3276, 1, DATE_ADD('2026-01-01 00:00:00', INTERVAL 120417 MINUTE)),
('矿泉水(三只松鼠)', 1700, 357, 'https://img.alicdn.com/imgextra/i4/2200721534029/O1CN01hGVUfK2G7NRdMiDHK_!!2200721534029.jpg', '食品饮料', '三只松鼠', '550ml×24瓶装', 1530, 1, DATE_ADD('2026-01-01 00:00:00', INTERVAL 122311 MINUTE)),
('蜂蜜(三只松鼠)', 14300, 956, 'https://img.alicdn.com/imgextra/i3/2200721534029/O1CN01XxGZQo2G7NRbOocQa_!!2200721534029.jpg', '食品饮料', '三只松鼠', '百花蜜 纯天然 500g', 4253, 1, DATE_ADD('2026-01-01 00:00:00', INTERVAL 122566 MINUTE)),
('咖啡粉(三只松鼠)', 15700, 90, 'https://img.alicdn.com/imgextra/i1/2200721534029/O1CN01lwZ5oU2G7NRfSwVmJ_!!2200721534029.jpg', '食品饮料', '三只松鼠', '意式浓缩 中深焙 250g', 3527, 1, DATE_ADD('2026-01-01 00:00:00', INTERVAL 124174 MINUTE)),
('牛奶礼盒(三只松鼠)', 12400, 338, 'https://img.alicdn.com/imgextra/i1/2200721534029/O1CN01XqUJ0J2G7NRh9d5L1_!!2200721534029.jpg', '食品饮料', '三只松鼠', '全脂纯牛奶 250ml×12', 840, 1, DATE_ADD('2026-01-01 00:00:00', INTERVAL 125922 MINUTE)),
('薯片(三只松鼠)', 2700, 323, 'https://img.alicdn.com/imgextra/i1/2200721534029/O1CN01lwZ5oU2G7NRfSwVmJ_!!2200721534029.jpg', '食品饮料', '三只松鼠', '原味/烧烤/海苔 80g', 3652, 1, DATE_ADD('2026-01-01 00:00:00', INTERVAL 128067 MINUTE)),
('巧克力(三只松鼠)', 8100, 716, 'https://img.alicdn.com/imgextra/i3/2200721534029/O1CN01XxGZQo2G7NRbOocQa_!!2200721534029.jpg', '食品饮料', '三只松鼠', '72%黑巧克力 100g', 3636, 1, DATE_ADD('2026-01-01 00:00:00', INTERVAL 129002 MINUTE)),
('糖果礼盒(三只松鼠)', 23500, 900, 'https://img.alicdn.com/imgextra/i1/2200721534029/O1CN01lwZ5oU2G7NRfSwVmJ_!!2200721534029.jpg', '食品饮料', '三只松鼠', '混合水果味 500g', 2888, 1, DATE_ADD('2026-01-01 00:00:00', INTERVAL 130397 MINUTE)),
('方便面(三只松鼠)', 4900, 820, 'https://img.alicdn.com/imgextra/i1/2200721534029/O1CN01XqUJ0J2G7NRh9d5L1_!!2200721534029.jpg', '食品饮料', '三只松鼠', '老坛酸菜牛肉 12桶装', 469, 1, DATE_ADD('2026-01-01 00:00:00', INTERVAL 132340 MINUTE)),
('饼干(三只松鼠)', 7000, 382, 'https://img.alicdn.com/imgextra/i2/2200721534029/O1CN01Gt9YBn2G7NRaP0WYC_!!2200721534029.jpg', '食品饮料', '三只松鼠', '奶酪夹心 200g', 4203, 1, DATE_ADD('2026-01-01 00:00:00', INTERVAL 133750 MINUTE)),
('红枣(三只松鼠)', 3200, 156, 'https://img.alicdn.com/imgextra/i2/2200721534029/O1CN01Gt9YBn2G7NRaP0WYC_!!2200721534029.jpg', '食品饮料', '三只松鼠', '新疆若羌灰枣 500g', 4977, 1, DATE_ADD('2026-01-01 00:00:00', INTERVAL 134762 MINUTE)),
('枸杞(三只松鼠)', 7100, 78, 'https://img.alicdn.com/imgextra/i2/2200721534029/O1CN01Gt9YBn2G7NRaP0WYC_!!2200721534029.jpg', '食品饮料', '三只松鼠', '宁夏枸杞 特级 250g', 1933, 1, DATE_ADD('2026-01-01 00:00:00', INTERVAL 136043 MINUTE)),
('藜麦(三只松鼠)', 14700, 982, 'https://img.alicdn.com/imgextra/i1/2200721534029/O1CN01XqUJ0J2G7NRh9d5L1_!!2200721534029.jpg', '食品饮料', '三只松鼠', '有机三色藜麦 500g', 4646, 1, DATE_ADD('2026-01-01 00:00:00', INTERVAL 137949 MINUTE)),
('橄榄油(三只松鼠)', 44600, 470, 'https://img.alicdn.com/imgextra/i3/2200721534029/O1CN01XxGZQo2G7NRbOocQa_!!2200721534029.jpg', '食品饮料', '三只松鼠', '特级初榨 500ml', 3038, 1, DATE_ADD('2026-01-01 00:00:00', INTERVAL 139128 MINUTE)),
('酱油(三只松鼠)', 2800, 597, 'https://img.alicdn.com/imgextra/i1/2200721534029/O1CN01lwZ5oU2G7NRfSwVmJ_!!2200721534029.jpg', '食品饮料', '三只松鼠', '生抽酱油 1L', 1127, 1, DATE_ADD('2026-01-01 00:00:00', INTERVAL 140365 MINUTE)),
('海苔零食(三只松鼠)', 5900, 675, 'https://img.alicdn.com/imgextra/i2/2200721534029/O1CN01RRWkqN2G7NRcM1rYn_!!2200721534029.jpg', '食品饮料', '三只松鼠', '即食烤海苔 40g', 2283, 1, DATE_ADD('2026-01-01 00:00:00', INTERVAL 141301 MINUTE)),
('果冻(三只松鼠)', 4200, 521, 'https://img.alicdn.com/imgextra/i4/2200721534029/O1CN01hGVUfK2G7NRdMiDHK_!!2200721534029.jpg', '食品饮料', '三只松鼠', '混合口味 果汁果冻 6杯装', 4241, 1, DATE_ADD('2026-01-01 00:00:00', INTERVAL 143587 MINUTE));

-- ---- 服饰鞋包（5 品牌 × 20 规格 = 100 条）----
INSERT INTO item (name, price, stock, image, category, brand, spec, sold, status, create_time) VALUES
('修身西装(优衣库)', 83500, 803, 'https://img.alicdn.com/imgextra/i2/2200721534029/O1CN01Gt9YBn2G7NRaP0WYC_!!2200721534029.jpg', '服饰鞋包', '优衣库', 'S码 藏青色 纯羊毛', 2132, 1, DATE_ADD('2026-01-01 00:00:00', INTERVAL 144853 MINUTE)),
('牛仔裤(优衣库)', 77500, 302, 'https://img.alicdn.com/imgextra/i2/2200721534029/O1CN01RRWkqN2G7NRcM1rYn_!!2200721534029.jpg', '服饰鞋包', '优衣库', '32腰 直筒 浅蓝色', 4023, 1, DATE_ADD('2026-01-01 00:00:00', INTERVAL 145628 MINUTE)),
('连衣裙(优衣库)', 22400, 472, 'https://img.alicdn.com/imgextra/i2/2200721534029/O1CN01Gt9YBn2G7NRaP0WYC_!!2200721534029.jpg', '服饰鞋包', '优衣库', 'S码 碎花 V领', 1414, 1, DATE_ADD('2026-01-01 00:00:00', INTERVAL 147725 MINUTE)),
('运动卫衣(优衣库)', 44800, 1000, 'https://img.alicdn.com/imgextra/i2/2200721534029/O1CN01Gt9YBn2G7NRaP0WYC_!!2200721534029.jpg', '服饰鞋包', '优衣库', 'M码 灰色 宽松版', 2618, 1, DATE_ADD('2026-01-01 00:00:00', INTERVAL 149025 MINUTE)),
('冬季羽绒服(优衣库)', 76400, 573, 'https://img.alicdn.com/imgextra/i3/2200721534029/O1CN01XxGZQo2G7NRbOocQa_!!2200721534029.jpg', '服饰鞋包', '优衣库', 'L码 黑色 含绒量90%', 4441, 1, DATE_ADD('2026-01-01 00:00:00', INTERVAL 150354 MINUTE)),
('皮质手提包(优衣库)', 62100, 738, 'https://img.alicdn.com/imgextra/i3/2200721534029/O1CN01XxGZQo2G7NRbOocQa_!!2200721534029.jpg', '服饰鞋包', '优衣库', '棕色 真皮 中号', 1426, 1, DATE_ADD('2026-01-01 00:00:00', INTERVAL 152174 MINUTE)),
('高跟鞋(优衣库)', 32300, 215, 'https://img.alicdn.com/imgextra/i2/2200721534029/O1CN01RRWkqN2G7NRcM1rYn_!!2200721534029.jpg', '服饰鞋包', '优衣库', '36码 黑色 细跟8cm', 1137, 1, DATE_ADD('2026-01-01 00:00:00', INTERVAL 153541 MINUTE)),
('休闲帽(优衣库)', 14100, 577, 'https://img.alicdn.com/imgextra/i3/2200721534029/O1CN01XxGZQo2G7NRbOocQa_!!2200721534029.jpg', '服饰鞋包', '优衣库', '棒球帽 可调节 黑色', 4688, 1, DATE_ADD('2026-01-01 00:00:00', INTERVAL 154971 MINUTE)),
('丝巾(优衣库)', 38100, 142, 'https://img.alicdn.com/imgextra/i1/2200721534029/O1CN01XqUJ0J2G7NRh9d5L1_!!2200721534029.jpg', '服饰鞋包', '优衣库', '100%桑蚕丝 90×90cm 印花', 706, 1, DATE_ADD('2026-01-01 00:00:00', INTERVAL 156085 MINUTE)),
('针织毛衣(优衣库)', 63900, 548, 'https://img.alicdn.com/imgextra/i4/2200721534029/O1CN01hGVUfK2G7NRdMiDHK_!!2200721534029.jpg', '服饰鞋包', '优衣库', 'M码 驼色 宽松版', 3365, 1, DATE_ADD('2026-01-01 00:00:00', INTERVAL 158044 MINUTE)),
('运动短裤(优衣库)', 10100, 334, 'https://img.alicdn.com/imgextra/i4/2200721534029/O1CN01hGVUfK2G7NRdMiDHK_!!2200721534029.jpg', '服饰鞋包', '优衣库', 'L码 黑色 速干面料', 607, 1, DATE_ADD('2026-01-01 00:00:00', INTERVAL 159283 MINUTE)),
('夏季T恤(优衣库)', 18100, 362, 'https://img.alicdn.com/imgextra/i1/2200721534029/O1CN01lwZ5oU2G7NRfSwVmJ_!!2200721534029.jpg', '服饰鞋包', '优衣库', 'M码 白色 纯棉', 1051, 1, DATE_ADD('2026-01-01 00:00:00', INTERVAL 161077 MINUTE)),
('皮带(优衣库)', 19200, 796, 'https://img.alicdn.com/imgextra/i4/2200721534029/O1CN01hGVUfK2G7NRdMiDHK_!!2200721534029.jpg', '服饰鞋包', '优衣库', '3.5cm 棕色 真皮自动扣', 1057, 1, DATE_ADD('2026-01-01 00:00:00', INTERVAL 162298 MINUTE)),
('太阳镜(优衣库)', 54300, 66, 'https://img.alicdn.com/imgextra/i1/2200721534029/O1CN01lwZ5oU2G7NRfSwVmJ_!!2200721534029.jpg', '服饰鞋包', '优衣库', '偏光镜片 防UV400 黑框', 1017, 1, DATE_ADD('2026-01-01 00:00:00', INTERVAL 162979 MINUTE)),
('帆布鞋(优衣库)', 18300, 175, 'https://img.alicdn.com/imgextra/i2/2200721534029/O1CN01Gt9YBn2G7NRaP0WYC_!!2200721534029.jpg', '服饰鞋包', '优衣库', '42码 白色 低帮', 2643, 1, DATE_ADD('2026-01-01 00:00:00', INTERVAL 164602 MINUTE)),
('登山鞋(优衣库)', 136100, 926, 'https://img.alicdn.com/imgextra/i1/2200721534029/O1CN01XqUJ0J2G7NRh9d5L1_!!2200721534029.jpg', '服饰鞋包', '优衣库', '43码 防水 防滑大底', 2326, 1, DATE_ADD('2026-01-01 00:00:00', INTERVAL 166092 MINUTE)),
('女式衬衣(优衣库)', 42400, 989, 'https://img.alicdn.com/imgextra/i3/2200721534029/O1CN01XxGZQo2G7NRbOocQa_!!2200721534029.jpg', '服饰鞋包', '优衣库', 'S码 白色 纯棉免烫', 4512, 1, DATE_ADD('2026-01-01 00:00:00', INTERVAL 167320 MINUTE)),
('男式衬衫(优衣库)', 25400, 639, 'https://img.alicdn.com/imgextra/i1/2200721534029/O1CN01XqUJ0J2G7NRh9d5L1_!!2200721534029.jpg', '服饰鞋包', '优衣库', 'L码 蓝色细条 修身', 4370, 1, DATE_ADD('2026-01-01 00:00:00', INTERVAL 169481 MINUTE)),
('短裙(优衣库)', 18500, 616, 'https://img.alicdn.com/imgextra/i2/2200721534029/O1CN01RRWkqN2G7NRcM1rYn_!!2200721534029.jpg', '服饰鞋包', '优衣库', 'S码 黑色 A字裙', 4756, 1, DATE_ADD('2026-01-01 00:00:00', INTERVAL 170262 MINUTE)),
('羊绒围巾(优衣库)', 83800, 747, 'https://img.alicdn.com/imgextra/i3/2200721534029/O1CN01XxGZQo2G7NRbOocQa_!!2200721534029.jpg', '服饰鞋包', '优衣库', '100%山羊绒 驼色 180×30cm', 4957, 1, DATE_ADD('2026-01-01 00:00:00', INTERVAL 172442 MINUTE)),
('修身西装(ZARA)', 35700, 93, 'https://img.alicdn.com/imgextra/i2/2200721534029/O1CN01Gt9YBn2G7NRaP0WYC_!!2200721534029.jpg', '服饰鞋包', 'ZARA', 'S码 藏青色 纯羊毛', 372, 1, DATE_ADD('2026-01-01 00:00:00', INTERVAL 173896 MINUTE)),
('牛仔裤(ZARA)', 36400, 795, 'https://img.alicdn.com/imgextra/i4/2200721534029/O1CN01hGVUfK2G7NRdMiDHK_!!2200721534029.jpg', '服饰鞋包', 'ZARA', '32腰 直筒 浅蓝色', 4686, 1, DATE_ADD('2026-01-01 00:00:00', INTERVAL 175420 MINUTE)),
('连衣裙(ZARA)', 18000, 519, 'https://img.alicdn.com/imgextra/i3/2200721534029/O1CN01XxGZQo2G7NRbOocQa_!!2200721534029.jpg', '服饰鞋包', 'ZARA', 'S码 碎花 V领', 4469, 1, DATE_ADD('2026-01-01 00:00:00', INTERVAL 176899 MINUTE)),
('运动卫衣(ZARA)', 34600, 260, 'https://img.alicdn.com/imgextra/i3/2200721534029/O1CN01XxGZQo2G7NRbOocQa_!!2200721534029.jpg', '服饰鞋包', 'ZARA', 'M码 灰色 宽松版', 3326, 1, DATE_ADD('2026-01-01 00:00:00', INTERVAL 177964 MINUTE)),
('冬季羽绒服(ZARA)', 74400, 171, 'https://img.alicdn.com/imgextra/i4/2200721534029/O1CN01hGVUfK2G7NRdMiDHK_!!2200721534029.jpg', '服饰鞋包', 'ZARA', 'L码 黑色 含绒量90%', 3601, 1, DATE_ADD('2026-01-01 00:00:00', INTERVAL 179489 MINUTE)),
('皮质手提包(ZARA)', 71600, 358, 'https://img.alicdn.com/imgextra/i2/2200721534029/O1CN01RRWkqN2G7NRcM1rYn_!!2200721534029.jpg', '服饰鞋包', 'ZARA', '棕色 真皮 中号', 4969, 1, DATE_ADD('2026-01-01 00:00:00', INTERVAL 180655 MINUTE)),
('高跟鞋(ZARA)', 93400, 336, 'https://img.alicdn.com/imgextra/i4/2200721534029/O1CN01hGVUfK2G7NRdMiDHK_!!2200721534029.jpg', '服饰鞋包', 'ZARA', '36码 黑色 细跟8cm', 2829, 1, DATE_ADD('2026-01-01 00:00:00', INTERVAL 181728 MINUTE)),
('休闲帽(ZARA)', 14300, 537, 'https://img.alicdn.com/imgextra/i1/2200721534029/O1CN01XqUJ0J2G7NRh9d5L1_!!2200721534029.jpg', '服饰鞋包', 'ZARA', '棒球帽 可调节 黑色', 4601, 1, DATE_ADD('2026-01-01 00:00:00', INTERVAL 183495 MINUTE)),
('丝巾(ZARA)', 33700, 135, 'https://img.alicdn.com/imgextra/i4/2200721534029/O1CN01hGVUfK2G7NRdMiDHK_!!2200721534029.jpg', '服饰鞋包', 'ZARA', '100%桑蚕丝 90×90cm 印花', 2191, 1, DATE_ADD('2026-01-01 00:00:00', INTERVAL 184749 MINUTE)),
('针织毛衣(ZARA)', 24800, 61, 'https://img.alicdn.com/imgextra/i4/2200721534029/O1CN01hGVUfK2G7NRdMiDHK_!!2200721534029.jpg', '服饰鞋包', 'ZARA', 'M码 驼色 宽松版', 2377, 1, DATE_ADD('2026-01-01 00:00:00', INTERVAL 186926 MINUTE)),
('运动短裤(ZARA)', 13200, 995, 'https://img.alicdn.com/imgextra/i3/2200721534029/O1CN01XxGZQo2G7NRbOocQa_!!2200721534029.jpg', '服饰鞋包', 'ZARA', 'L码 黑色 速干面料', 1308, 1, DATE_ADD('2026-01-01 00:00:00', INTERVAL 188326 MINUTE)),
('夏季T恤(ZARA)', 12900, 204, 'https://img.alicdn.com/imgextra/i4/2200721534029/O1CN01hGVUfK2G7NRdMiDHK_!!2200721534029.jpg', '服饰鞋包', 'ZARA', 'M码 白色 纯棉', 1305, 1, DATE_ADD('2026-01-01 00:00:00', INTERVAL 189629 MINUTE)),
('皮带(ZARA)', 35400, 910, 'https://img.alicdn.com/imgextra/i4/2200721534029/O1CN01hGVUfK2G7NRdMiDHK_!!2200721534029.jpg', '服饰鞋包', 'ZARA', '3.5cm 棕色 真皮自动扣', 2527, 1, DATE_ADD('2026-01-01 00:00:00', INTERVAL 190085 MINUTE)),
('太阳镜(ZARA)', 58200, 412, 'https://img.alicdn.com/imgextra/i4/2200721534029/O1CN01hGVUfK2G7NRdMiDHK_!!2200721534029.jpg', '服饰鞋包', 'ZARA', '偏光镜片 防UV400 黑框', 4140, 1, DATE_ADD('2026-01-01 00:00:00', INTERVAL 191953 MINUTE)),
('帆布鞋(ZARA)', 39700, 371, 'https://img.alicdn.com/imgextra/i1/2200721534029/O1CN01XqUJ0J2G7NRh9d5L1_!!2200721534029.jpg', '服饰鞋包', 'ZARA', '42码 白色 低帮', 398, 1, DATE_ADD('2026-01-01 00:00:00', INTERVAL 193531 MINUTE)),
('登山鞋(ZARA)', 126200, 302, 'https://img.alicdn.com/imgextra/i1/2200721534029/O1CN01XqUJ0J2G7NRh9d5L1_!!2200721534029.jpg', '服饰鞋包', 'ZARA', '43码 防水 防滑大底', 4396, 1, DATE_ADD('2026-01-01 00:00:00', INTERVAL 194607 MINUTE)),
('女式衬衣(ZARA)', 16700, 913, 'https://img.alicdn.com/imgextra/i2/2200721534029/O1CN01Gt9YBn2G7NRaP0WYC_!!2200721534029.jpg', '服饰鞋包', 'ZARA', 'S码 白色 纯棉免烫', 2166, 1, DATE_ADD('2026-01-01 00:00:00', INTERVAL 196548 MINUTE)),
('男式衬衫(ZARA)', 30500, 384, 'https://img.alicdn.com/imgextra/i4/2200721534029/O1CN01hGVUfK2G7NRdMiDHK_!!2200721534029.jpg', '服饰鞋包', 'ZARA', 'L码 蓝色细条 修身', 370, 1, DATE_ADD('2026-01-01 00:00:00', INTERVAL 197376 MINUTE)),
('短裙(ZARA)', 38600, 209, 'https://img.alicdn.com/imgextra/i1/2200721534029/O1CN01lwZ5oU2G7NRfSwVmJ_!!2200721534029.jpg', '服饰鞋包', 'ZARA', 'S码 黑色 A字裙', 2969, 1, DATE_ADD('2026-01-01 00:00:00', INTERVAL 199264 MINUTE)),
('羊绒围巾(ZARA)', 59400, 526, 'https://img.alicdn.com/imgextra/i1/2200721534029/O1CN01lwZ5oU2G7NRfSwVmJ_!!2200721534029.jpg', '服饰鞋包', 'ZARA', '100%山羊绒 驼色 180×30cm', 3689, 1, DATE_ADD('2026-01-01 00:00:00', INTERVAL 200692 MINUTE)),
('修身西装(波司登)', 54200, 141, 'https://img.alicdn.com/imgextra/i4/2200721534029/O1CN01hGVUfK2G7NRdMiDHK_!!2200721534029.jpg', '服饰鞋包', '波司登', 'S码 藏青色 纯羊毛', 792, 1, DATE_ADD('2026-01-01 00:00:00', INTERVAL 202310 MINUTE)),
('牛仔裤(波司登)', 49600, 581, 'https://img.alicdn.com/imgextra/i2/2200721534029/O1CN01RRWkqN2G7NRcM1rYn_!!2200721534029.jpg', '服饰鞋包', '波司登', '32腰 直筒 浅蓝色', 2995, 1, DATE_ADD('2026-01-01 00:00:00', INTERVAL 203438 MINUTE)),
('连衣裙(波司登)', 67000, 421, 'https://img.alicdn.com/imgextra/i1/2200721534029/O1CN01XqUJ0J2G7NRh9d5L1_!!2200721534029.jpg', '服饰鞋包', '波司登', 'S码 碎花 V领', 4096, 1, DATE_ADD('2026-01-01 00:00:00', INTERVAL 204542 MINUTE)),
('运动卫衣(波司登)', 16900, 740, 'https://img.alicdn.com/imgextra/i4/2200721534029/O1CN01hGVUfK2G7NRdMiDHK_!!2200721534029.jpg', '服饰鞋包', '波司登', 'M码 灰色 宽松版', 2728, 1, DATE_ADD('2026-01-01 00:00:00', INTERVAL 206909 MINUTE)),
('冬季羽绒服(波司登)', 110900, 630, 'https://img.alicdn.com/imgextra/i2/2200721534029/O1CN01RRWkqN2G7NRcM1rYn_!!2200721534029.jpg', '服饰鞋包', '波司登', 'L码 黑色 含绒量90%', 4223, 1, DATE_ADD('2026-01-01 00:00:00', INTERVAL 208019 MINUTE)),
('皮质手提包(波司登)', 155400, 336, 'https://img.alicdn.com/imgextra/i4/2200721534029/O1CN01hGVUfK2G7NRdMiDHK_!!2200721534029.jpg', '服饰鞋包', '波司登', '棕色 真皮 中号', 1331, 1, DATE_ADD('2026-01-01 00:00:00', INTERVAL 209987 MINUTE)),
('高跟鞋(波司登)', 50500, 617, 'https://img.alicdn.com/imgextra/i1/2200721534029/O1CN01lwZ5oU2G7NRfSwVmJ_!!2200721534029.jpg', '服饰鞋包', '波司登', '36码 黑色 细跟8cm', 2755, 1, DATE_ADD('2026-01-01 00:00:00', INTERVAL 211234 MINUTE)),
('休闲帽(波司登)', 17400, 735, 'https://img.alicdn.com/imgextra/i3/2200721534029/O1CN01XxGZQo2G7NRbOocQa_!!2200721534029.jpg', '服饰鞋包', '波司登', '棒球帽 可调节 黑色', 4611, 1, DATE_ADD('2026-01-01 00:00:00', INTERVAL 212632 MINUTE)),
('丝巾(波司登)', 10700, 387, 'https://img.alicdn.com/imgextra/i2/2200721534029/O1CN01Gt9YBn2G7NRaP0WYC_!!2200721534029.jpg', '服饰鞋包', '波司登', '100%桑蚕丝 90×90cm 印花', 2713, 1, DATE_ADD('2026-01-01 00:00:00', INTERVAL 213326 MINUTE)),
('针织毛衣(波司登)', 74600, 325, 'https://img.alicdn.com/imgextra/i1/2200721534029/O1CN01lwZ5oU2G7NRfSwVmJ_!!2200721534029.jpg', '服饰鞋包', '波司登', 'M码 驼色 宽松版', 218, 1, DATE_ADD('2026-01-01 00:00:00', INTERVAL 215476 MINUTE)),
('运动短裤(波司登)', 23600, 811, 'https://img.alicdn.com/imgextra/i1/2200721534029/O1CN01lwZ5oU2G7NRfSwVmJ_!!2200721534029.jpg', '服饰鞋包', '波司登', 'L码 黑色 速干面料', 4738, 1, DATE_ADD('2026-01-01 00:00:00', INTERVAL 466 MINUTE)),
('夏季T恤(波司登)', 6200, 607, 'https://img.alicdn.com/imgextra/i2/2200721534029/O1CN01RRWkqN2G7NRcM1rYn_!!2200721534029.jpg', '服饰鞋包', '波司登', 'M码 白色 纯棉', 3935, 1, DATE_ADD('2026-01-01 00:00:00', INTERVAL 2440 MINUTE)),
('皮带(波司登)', 46800, 644, 'https://img.alicdn.com/imgextra/i2/2200721534029/O1CN01RRWkqN2G7NRcM1rYn_!!2200721534029.jpg', '服饰鞋包', '波司登', '3.5cm 棕色 真皮自动扣', 3114, 1, DATE_ADD('2026-01-01 00:00:00', INTERVAL 4155 MINUTE)),
('太阳镜(波司登)', 11500, 596, 'https://img.alicdn.com/imgextra/i2/2200721534029/O1CN01RRWkqN2G7NRcM1rYn_!!2200721534029.jpg', '服饰鞋包', '波司登', '偏光镜片 防UV400 黑框', 900, 1, DATE_ADD('2026-01-01 00:00:00', INTERVAL 4348 MINUTE)),
('帆布鞋(波司登)', 25900, 438, 'https://img.alicdn.com/imgextra/i4/2200721534029/O1CN01hGVUfK2G7NRdMiDHK_!!2200721534029.jpg', '服饰鞋包', '波司登', '42码 白色 低帮', 1240, 1, DATE_ADD('2026-01-01 00:00:00', INTERVAL 7093 MINUTE)),
('登山鞋(波司登)', 113900, 523, 'https://img.alicdn.com/imgextra/i2/2200721534029/O1CN01Gt9YBn2G7NRaP0WYC_!!2200721534029.jpg', '服饰鞋包', '波司登', '43码 防水 防滑大底', 3863, 1, DATE_ADD('2026-01-01 00:00:00', INTERVAL 8583 MINUTE)),
('女式衬衣(波司登)', 46000, 151, 'https://img.alicdn.com/imgextra/i2/2200721534029/O1CN01RRWkqN2G7NRcM1rYn_!!2200721534029.jpg', '服饰鞋包', '波司登', 'S码 白色 纯棉免烫', 4249, 1, DATE_ADD('2026-01-01 00:00:00', INTERVAL 9680 MINUTE)),
('男式衬衫(波司登)', 43800, 499, 'https://img.alicdn.com/imgextra/i4/2200721534029/O1CN01hGVUfK2G7NRdMiDHK_!!2200721534029.jpg', '服饰鞋包', '波司登', 'L码 蓝色细条 修身', 4304, 1, DATE_ADD('2026-01-01 00:00:00', INTERVAL 10691 MINUTE)),
('短裙(波司登)', 33400, 944, 'https://img.alicdn.com/imgextra/i3/2200721534029/O1CN01XxGZQo2G7NRbOocQa_!!2200721534029.jpg', '服饰鞋包', '波司登', 'S码 黑色 A字裙', 4367, 1, DATE_ADD('2026-01-01 00:00:00', INTERVAL 12562 MINUTE)),
('羊绒围巾(波司登)', 89100, 800, 'https://img.alicdn.com/imgextra/i1/2200721534029/O1CN01lwZ5oU2G7NRfSwVmJ_!!2200721534029.jpg', '服饰鞋包', '波司登', '100%山羊绒 驼色 180×30cm', 2165, 1, DATE_ADD('2026-01-01 00:00:00', INTERVAL 13872 MINUTE)),
('修身西装(海澜之家)', 80300, 295, 'https://img.alicdn.com/imgextra/i3/2200721534029/O1CN01XxGZQo2G7NRbOocQa_!!2200721534029.jpg', '服饰鞋包', '海澜之家', 'S码 藏青色 纯羊毛', 4571, 1, DATE_ADD('2026-01-01 00:00:00', INTERVAL 14839 MINUTE)),
('牛仔裤(海澜之家)', 44400, 731, 'https://img.alicdn.com/imgextra/i2/2200721534029/O1CN01Gt9YBn2G7NRaP0WYC_!!2200721534029.jpg', '服饰鞋包', '海澜之家', '32腰 直筒 浅蓝色', 1698, 1, DATE_ADD('2026-01-01 00:00:00', INTERVAL 17191 MINUTE)),
('连衣裙(海澜之家)', 47300, 501, 'https://img.alicdn.com/imgextra/i1/2200721534029/O1CN01lwZ5oU2G7NRfSwVmJ_!!2200721534029.jpg', '服饰鞋包', '海澜之家', 'S码 碎花 V领', 2857, 1, DATE_ADD('2026-01-01 00:00:00', INTERVAL 18677 MINUTE)),
('运动卫衣(海澜之家)', 24600, 134, 'https://img.alicdn.com/imgextra/i2/2200721534029/O1CN01Gt9YBn2G7NRaP0WYC_!!2200721534029.jpg', '服饰鞋包', '海澜之家', 'M码 灰色 宽松版', 4697, 1, DATE_ADD('2026-01-01 00:00:00', INTERVAL 19764 MINUTE)),
('冬季羽绒服(海澜之家)', 211500, 848, 'https://img.alicdn.com/imgextra/i2/2200721534029/O1CN01RRWkqN2G7NRcM1rYn_!!2200721534029.jpg', '服饰鞋包', '海澜之家', 'L码 黑色 含绒量90%', 2827, 1, DATE_ADD('2026-01-01 00:00:00', INTERVAL 20702 MINUTE)),
('皮质手提包(海澜之家)', 88800, 988, 'https://img.alicdn.com/imgextra/i3/2200721534029/O1CN01XxGZQo2G7NRbOocQa_!!2200721534029.jpg', '服饰鞋包', '海澜之家', '棕色 真皮 中号', 647, 1, DATE_ADD('2026-01-01 00:00:00', INTERVAL 22481 MINUTE)),
('高跟鞋(海澜之家)', 46100, 775, 'https://img.alicdn.com/imgextra/i2/2200721534029/O1CN01RRWkqN2G7NRcM1rYn_!!2200721534029.jpg', '服饰鞋包', '海澜之家', '36码 黑色 细跟8cm', 3924, 1, DATE_ADD('2026-01-01 00:00:00', INTERVAL 23452 MINUTE)),
('休闲帽(海澜之家)', 18600, 287, 'https://img.alicdn.com/imgextra/i2/2200721534029/O1CN01Gt9YBn2G7NRaP0WYC_!!2200721534029.jpg', '服饰鞋包', '海澜之家', '棒球帽 可调节 黑色', 4604, 1, DATE_ADD('2026-01-01 00:00:00', INTERVAL 24968 MINUTE)),
('丝巾(海澜之家)', 15400, 640, 'https://img.alicdn.com/imgextra/i2/2200721534029/O1CN01RRWkqN2G7NRcM1rYn_!!2200721534029.jpg', '服饰鞋包', '海澜之家', '100%桑蚕丝 90×90cm 印花', 4807, 1, DATE_ADD('2026-01-01 00:00:00', INTERVAL 26343 MINUTE)),
('针织毛衣(海澜之家)', 69200, 241, 'https://img.alicdn.com/imgextra/i1/2200721534029/O1CN01XqUJ0J2G7NRh9d5L1_!!2200721534029.jpg', '服饰鞋包', '海澜之家', 'M码 驼色 宽松版', 1907, 1, DATE_ADD('2026-01-01 00:00:00', INTERVAL 27566 MINUTE)),
('运动短裤(海澜之家)', 15300, 744, 'https://img.alicdn.com/imgextra/i1/2200721534029/O1CN01XqUJ0J2G7NRh9d5L1_!!2200721534029.jpg', '服饰鞋包', '海澜之家', 'L码 黑色 速干面料', 3869, 1, DATE_ADD('2026-01-01 00:00:00', INTERVAL 30109 MINUTE)),
('夏季T恤(海澜之家)', 8400, 15, 'https://img.alicdn.com/imgextra/i2/2200721534029/O1CN01RRWkqN2G7NRcM1rYn_!!2200721534029.jpg', '服饰鞋包', '海澜之家', 'M码 白色 纯棉', 4508, 1, DATE_ADD('2026-01-01 00:00:00', INTERVAL 31061 MINUTE)),
('皮带(海澜之家)', 57700, 911, 'https://img.alicdn.com/imgextra/i4/2200721534029/O1CN01hGVUfK2G7NRdMiDHK_!!2200721534029.jpg', '服饰鞋包', '海澜之家', '3.5cm 棕色 真皮自动扣', 3896, 1, DATE_ADD('2026-01-01 00:00:00', INTERVAL 32892 MINUTE)),
('太阳镜(海澜之家)', 48600, 997, 'https://img.alicdn.com/imgextra/i3/2200721534029/O1CN01XxGZQo2G7NRbOocQa_!!2200721534029.jpg', '服饰鞋包', '海澜之家', '偏光镜片 防UV400 黑框', 2353, 1, DATE_ADD('2026-01-01 00:00:00', INTERVAL 33701 MINUTE)),
('帆布鞋(海澜之家)', 12900, 939, 'https://img.alicdn.com/imgextra/i2/2200721534029/O1CN01Gt9YBn2G7NRaP0WYC_!!2200721534029.jpg', '服饰鞋包', '海澜之家', '42码 白色 低帮', 732, 1, DATE_ADD('2026-01-01 00:00:00', INTERVAL 35654 MINUTE)),
('登山鞋(海澜之家)', 139400, 766, 'https://img.alicdn.com/imgextra/i2/2200721534029/O1CN01RRWkqN2G7NRcM1rYn_!!2200721534029.jpg', '服饰鞋包', '海澜之家', '43码 防水 防滑大底', 305, 1, DATE_ADD('2026-01-01 00:00:00', INTERVAL 36836 MINUTE)),
('女式衬衣(海澜之家)', 52700, 190, 'https://img.alicdn.com/imgextra/i4/2200721534029/O1CN01hGVUfK2G7NRdMiDHK_!!2200721534029.jpg', '服饰鞋包', '海澜之家', 'S码 白色 纯棉免烫', 297, 1, DATE_ADD('2026-01-01 00:00:00', INTERVAL 38351 MINUTE)),
('男式衬衫(海澜之家)', 57800, 776, 'https://img.alicdn.com/imgextra/i1/2200721534029/O1CN01XqUJ0J2G7NRh9d5L1_!!2200721534029.jpg', '服饰鞋包', '海澜之家', 'L码 蓝色细条 修身', 2371, 1, DATE_ADD('2026-01-01 00:00:00', INTERVAL 38899 MINUTE)),
('短裙(海澜之家)', 38900, 627, 'https://img.alicdn.com/imgextra/i3/2200721534029/O1CN01XxGZQo2G7NRbOocQa_!!2200721534029.jpg', '服饰鞋包', '海澜之家', 'S码 黑色 A字裙', 879, 1, DATE_ADD('2026-01-01 00:00:00', INTERVAL 40889 MINUTE)),
('羊绒围巾(海澜之家)', 85500, 566, 'https://img.alicdn.com/imgextra/i4/2200721534029/O1CN01hGVUfK2G7NRdMiDHK_!!2200721534029.jpg', '服饰鞋包', '海澜之家', '100%山羊绒 驼色 180×30cm', 4295, 1, DATE_ADD('2026-01-01 00:00:00', INTERVAL 42054 MINUTE)),
('修身西装(太平鸟)', 133100, 489, 'https://img.alicdn.com/imgextra/i2/2200721534029/O1CN01RRWkqN2G7NRcM1rYn_!!2200721534029.jpg', '服饰鞋包', '太平鸟', 'S码 藏青色 纯羊毛', 2235, 1, DATE_ADD('2026-01-01 00:00:00', INTERVAL 43401 MINUTE)),
('牛仔裤(太平鸟)', 31500, 758, 'https://img.alicdn.com/imgextra/i2/2200721534029/O1CN01Gt9YBn2G7NRaP0WYC_!!2200721534029.jpg', '服饰鞋包', '太平鸟', '32腰 直筒 浅蓝色', 3759, 1, DATE_ADD('2026-01-01 00:00:00', INTERVAL 45165 MINUTE)),
('连衣裙(太平鸟)', 33900, 24, 'https://img.alicdn.com/imgextra/i3/2200721534029/O1CN01XxGZQo2G7NRbOocQa_!!2200721534029.jpg', '服饰鞋包', '太平鸟', 'S码 碎花 V领', 2761, 1, DATE_ADD('2026-01-01 00:00:00', INTERVAL 47203 MINUTE)),
('运动卫衣(太平鸟)', 48600, 207, 'https://img.alicdn.com/imgextra/i1/2200721534029/O1CN01lwZ5oU2G7NRfSwVmJ_!!2200721534029.jpg', '服饰鞋包', '太平鸟', 'M码 灰色 宽松版', 1437, 1, DATE_ADD('2026-01-01 00:00:00', INTERVAL 48777 MINUTE)),
('冬季羽绒服(太平鸟)', 215900, 856, 'https://img.alicdn.com/imgextra/i1/2200721534029/O1CN01lwZ5oU2G7NRfSwVmJ_!!2200721534029.jpg', '服饰鞋包', '太平鸟', 'L码 黑色 含绒量90%', 3503, 1, DATE_ADD('2026-01-01 00:00:00', INTERVAL 49565 MINUTE)),
('皮质手提包(太平鸟)', 111900, 695, 'https://img.alicdn.com/imgextra/i2/2200721534029/O1CN01RRWkqN2G7NRcM1rYn_!!2200721534029.jpg', '服饰鞋包', '太平鸟', '棕色 真皮 中号', 781, 1, DATE_ADD('2026-01-01 00:00:00', INTERVAL 50670 MINUTE)),
('高跟鞋(太平鸟)', 53000, 968, 'https://img.alicdn.com/imgextra/i1/2200721534029/O1CN01XqUJ0J2G7NRh9d5L1_!!2200721534029.jpg', '服饰鞋包', '太平鸟', '36码 黑色 细跟8cm', 2032, 1, DATE_ADD('2026-01-01 00:00:00', INTERVAL 52344 MINUTE)),
('休闲帽(太平鸟)', 10900, 467, 'https://img.alicdn.com/imgextra/i3/2200721534029/O1CN01XxGZQo2G7NRbOocQa_!!2200721534029.jpg', '服饰鞋包', '太平鸟', '棒球帽 可调节 黑色', 2187, 1, DATE_ADD('2026-01-01 00:00:00', INTERVAL 53857 MINUTE)),
('丝巾(太平鸟)', 46900, 596, 'https://img.alicdn.com/imgextra/i3/2200721534029/O1CN01XxGZQo2G7NRbOocQa_!!2200721534029.jpg', '服饰鞋包', '太平鸟', '100%桑蚕丝 90×90cm 印花', 93, 1, DATE_ADD('2026-01-01 00:00:00', INTERVAL 55943 MINUTE)),
('针织毛衣(太平鸟)', 39000, 73, 'https://img.alicdn.com/imgextra/i4/2200721534029/O1CN01hGVUfK2G7NRdMiDHK_!!2200721534029.jpg', '服饰鞋包', '太平鸟', 'M码 驼色 宽松版', 968, 1, DATE_ADD('2026-01-01 00:00:00', INTERVAL 56710 MINUTE)),
('运动短裤(太平鸟)', 17200, 712, 'https://img.alicdn.com/imgextra/i2/2200721534029/O1CN01Gt9YBn2G7NRaP0WYC_!!2200721534029.jpg', '服饰鞋包', '太平鸟', 'L码 黑色 速干面料', 4116, 1, DATE_ADD('2026-01-01 00:00:00', INTERVAL 58184 MINUTE)),
('夏季T恤(太平鸟)', 7900, 664, 'https://img.alicdn.com/imgextra/i3/2200721534029/O1CN01XxGZQo2G7NRbOocQa_!!2200721534029.jpg', '服饰鞋包', '太平鸟', 'M码 白色 纯棉', 2416, 1, DATE_ADD('2026-01-01 00:00:00', INTERVAL 60194 MINUTE)),
('皮带(太平鸟)', 21100, 990, 'https://img.alicdn.com/imgextra/i4/2200721534029/O1CN01hGVUfK2G7NRdMiDHK_!!2200721534029.jpg', '服饰鞋包', '太平鸟', '3.5cm 棕色 真皮自动扣', 1094, 1, DATE_ADD('2026-01-01 00:00:00', INTERVAL 60749 MINUTE)),
('太阳镜(太平鸟)', 48100, 630, 'https://img.alicdn.com/imgextra/i4/2200721534029/O1CN01hGVUfK2G7NRdMiDHK_!!2200721534029.jpg', '服饰鞋包', '太平鸟', '偏光镜片 防UV400 黑框', 3060, 1, DATE_ADD('2026-01-01 00:00:00', INTERVAL 63275 MINUTE)),
('帆布鞋(太平鸟)', 34000, 785, 'https://img.alicdn.com/imgextra/i2/2200721534029/O1CN01Gt9YBn2G7NRaP0WYC_!!2200721534029.jpg', '服饰鞋包', '太平鸟', '42码 白色 低帮', 4403, 1, DATE_ADD('2026-01-01 00:00:00', INTERVAL 63768 MINUTE)),
('登山鞋(太平鸟)', 80500, 706, 'https://img.alicdn.com/imgextra/i1/2200721534029/O1CN01XqUJ0J2G7NRh9d5L1_!!2200721534029.jpg', '服饰鞋包', '太平鸟', '43码 防水 防滑大底', 4880, 1, DATE_ADD('2026-01-01 00:00:00', INTERVAL 65788 MINUTE)),
('女式衬衣(太平鸟)', 36900, 730, 'https://img.alicdn.com/imgextra/i1/2200721534029/O1CN01XqUJ0J2G7NRh9d5L1_!!2200721534029.jpg', '服饰鞋包', '太平鸟', 'S码 白色 纯棉免烫', 2963, 1, DATE_ADD('2026-01-01 00:00:00', INTERVAL 67327 MINUTE)),
('男式衬衫(太平鸟)', 13000, 858, 'https://img.alicdn.com/imgextra/i1/2200721534029/O1CN01lwZ5oU2G7NRfSwVmJ_!!2200721534029.jpg', '服饰鞋包', '太平鸟', 'L码 蓝色细条 修身', 4486, 1, DATE_ADD('2026-01-01 00:00:00', INTERVAL 68076 MINUTE)),
('短裙(太平鸟)', 37300, 163, 'https://img.alicdn.com/imgextra/i3/2200721534029/O1CN01XxGZQo2G7NRbOocQa_!!2200721534029.jpg', '服饰鞋包', '太平鸟', 'S码 黑色 A字裙', 1347, 1, DATE_ADD('2026-01-01 00:00:00', INTERVAL 70108 MINUTE)),
('羊绒围巾(太平鸟)', 31800, 706, 'https://img.alicdn.com/imgextra/i2/2200721534029/O1CN01Gt9YBn2G7NRaP0WYC_!!2200721534029.jpg', '服饰鞋包', '太平鸟', '100%山羊绒 驼色 180×30cm', 1682, 1, DATE_ADD('2026-01-01 00:00:00', INTERVAL 71671 MINUTE));

